Customernumber,Fleng,Fwidth,Quantity
data5_ORD_000001,1513.0,554.0,1
data5_ORD_000002,804.0,553.0,1
data5_ORD_000003,1100.0,275.0,1
data5_ORD_000004,350.0,221.0,1
data5_ORD_000005,422.0,339.0,1
data5_ORD_000006,2060.0,550.0,1
data5_ORD_000007,373.0,315.0,1
data5_ORD_000008,864.0,217.0,1
data5_ORD_000009,414.0,349.0,1
data5_ORD_000010,2000.0,324.0,1
data5_ORD_000011,1070.0,300.0,1
data5_ORD_000012,876.0,269.0,1
data5_ORD_000013,203.5,250.0,1
data5_ORD_000014,1284.0,359.0,1
data5_ORD_000015,476.0,323.0,1
data5_ORD_000016,932.0,350.0,1
data5_ORD_000017,334.0,303.0,1
data5_ORD_000018,2346.0,269.0,1
data5_ORD_000019,708.0,431.0,1
data5_ORD_000020,794.0,191.0,1
data5_ORD_000021,364.0,311.0,1
data5_ORD_000022,434.0,553.0,1
data5_ORD_000023,393.0,551.0,1
data5_ORD_000024,434.0,553.0,1
data5_ORD_000025,368.0,256.0,1
data5_ORD_000026,794.3,358.0,1
data5_ORD_000027,833.0,541.0,1
data5_ORD_000028,2406.0,316.0,1
data5_ORD_000029,746.0,315.0,1
data5_ORD_000030,739.0,543.0,1
data5_ORD_000031,171.5,638.0,1
data5_ORD_000032,580.0,382.0,1
data5_ORD_000033,669.0,349.0,1
data5_ORD_000034,833.0,541.0,1
data5_ORD_000035,2406.0,316.0,1
data5_ORD_000036,369.0,356.0,1
data5_ORD_000037,789.0,543.0,1
data5_ORD_000038,380.0,238.0,1
data5_ORD_000039,256.8,257.0,1
data5_ORD_000040,369.0,356.0,1
data5_ORD_000041,1180.5,332.0,1
data5_ORD_000042,920.0,573.0,1
data5_ORD_000043,1374.0,331.0,1
data5_ORD_000044,1964.0,383.0,1
data5_ORD_000045,373.0,315.0,1
data5_ORD_000046,1164.0,258.0,1
data5_ORD_000047,2420.0,550.0,1
data5_ORD_000048,913.0,642.0,1
data5_ORD_000049,419.0,321.0,1
data5_ORD_000050,428.0,321.0,1
data5_ORD_000051,419.0,321.0,1
data5_ORD_000052,669.0,274.0,1
data5_ORD_000053,472.0,587.0,1
data5_ORD_000054,789.0,331.0,1
data5_ORD_000055,337.0,315.0,1
data5_ORD_000056,337.0,315.0,1
data5_ORD_000057,376.0,256.0,1
data5_ORD_000058,843.0,541.0,1
data5_ORD_000059,940.5,548.0,1
data5_ORD_000060,673.0,937.5,1
data5_ORD_000061,869.0,533.0,1
data5_ORD_000062,1240.0,268.0,1
data5_ORD_000063,1434.0,433.0,1
data5_ORD_000064,2174.0,320.0,1
data5_ORD_000065,1522.0,332.0,1
data5_ORD_000066,2085.0,320.0,1
data5_ORD_000067,821.6,380.0,1
data5_ORD_000068,403.0,541.0,1
data5_ORD_000069,337.0,315.0,1
data5_ORD_000070,725.0,560.0,1
data5_ORD_000071,2277.0,549.0,1
data5_ORD_000072,708.0,70.0,1
data5_ORD_000073,2174.0,60.0,1
data5_ORD_000074,804.0,60.0,1
data5_ORD_000075,1689.0,60.0,1
data5_ORD_000076,669.0,60.0,1
data5_ORD_000077,414.0,111.0,1
data5_ORD_000078,434.0,60.0,1
data5_ORD_000079,964.0,91.0,1
data5_ORD_000080,250.0,89.0,1
data5_ORD_000081,364.0,60.0,1
data5_ORD_000082,870.0,321.0,1
data5_ORD_000083,256.8,257.0,1
data5_ORD_000084,940.5,548.0,1
data5_ORD_000085,642.5,310.0,1
data5_ORD_000086,899.0,543.0,1
data5_ORD_000087,419.0,321.0,1
data5_ORD_000088,723.0,321.0,1
data5_ORD_000089,723.0,321.0,1
data5_ORD_000090,710.0,280.0,1
data5_ORD_000091,913.0,641.0,1
data5_ORD_000092,932.0,570.0,1
data5_ORD_000093,489.0,369.0,1
data5_ORD_000094,350.0,221.0,1
data5_ORD_000095,564.0,382.0,1
data5_ORD_000096,763.0,572.0,1
data5_ORD_000097,2420.0,550.0,1
data5_ORD_000098,2406.0,316.0,1
data5_ORD_000099,364.0,313.0,1
data5_ORD_000100,789.0,543.0,1
data5_ORD_000101,414.0,323.0,1
data5_ORD_000102,870.0,321.0,1
data5_ORD_000103,414.0,60.0,1
data5_ORD_000104,1726.0,60.0,1
data5_ORD_000105,70.0,300.0,1
data5_ORD_000106,866.0,323.0,1
data5_ORD_000107,451.0,253.0,1
data5_ORD_000108,673.0,452.5,1
data5_ORD_000109,813.5,324.0,1
data5_ORD_000110,389.0,543.0,1
data5_ORD_000111,1480.0,323.0,1
data5_ORD_000112,930.0,394.0,1
data5_ORD_000113,730.0,341.0,1
data5_ORD_000114,1240.0,268.0,1
data5_ORD_000115,1240.0,268.0,1
data5_ORD_000116,373.0,509.0,1
data5_ORD_000117,440.0,544.0,1
data5_ORD_000118,1244.0,311.0,1
data5_ORD_000119,380.0,640.0,1
data5_ORD_000120,1114.0,311.0,1
data5_ORD_000121,364.0,211.0,1
data5_ORD_000122,264.0,394.0,1
data5_ORD_000123,1200.0,220.0,1
data5_ORD_000124,725.0,330.0,1
data5_ORD_000125,1964.0,221.0,1
data5_ORD_000126,714.0,323.0,1
data5_ORD_000127,800.0,900.0,1
data5_ORD_000128,1834.0,281.0,1
data5_ORD_000129,1020.0,300.0,1
data5_ORD_000130,864.0,429.0,1
data5_ORD_000131,1889.0,470.0,1
data5_ORD_000132,700.0,300.0,1
data5_ORD_000133,392.0,477.0,1
data5_ORD_000134,950.0,548.0,1
data5_ORD_000135,1953.0,350.0,1
data5_ORD_000136,969.0,289.0,1
data5_ORD_000137,780.0,299.0,1
data5_ORD_000138,749.5,389.0,1
data5_ORD_000139,282.0,327.0,1
data5_ORD_000140,245.5,287.0,1
data5_ORD_000141,853.5,342.0,1
data5_ORD_000142,818.5,302.0,1
data5_ORD_000143,708.0,433.0,1
data5_ORD_000144,1164.0,511.0,1
data5_ORD_000145,850.0,639.0,1
data5_ORD_000146,1181.0,253.0,1
data5_ORD_000147,514.0,355.0,1
data5_ORD_000148,362.0,540.0,1
data5_ORD_000149,361.0,530.0,1
data5_ORD_000150,732.0,246.0,1
data5_ORD_000151,732.0,246.0,1
data5_ORD_000152,786.5,367.5,1
data5_ORD_000153,160.0,432.0,1
data5_ORD_000154,1491.0,268.0,1
data5_ORD_000155,714.0,120.0,1
data5_ORD_000156,882.0,432.0,1
data5_ORD_000157,1284.0,341.0,1
data5_ORD_000158,775.0,782.0,1
data5_ORD_000159,932.0,350.0,1
data5_ORD_000160,731.0,301.0,1
data5_ORD_000161,800.0,330.0,1
data5_ORD_000162,708.0,431.0,1
data5_ORD_000163,794.0,191.0,1
data5_ORD_000164,794.0,191.0,1
data5_ORD_000165,775.0,1164.0,1
data5_ORD_000166,866.0,323.0,1
data5_ORD_000167,703.0,541.0,1
data5_ORD_000168,913.0,639.0,1
data5_ORD_000169,781.0,541.0,1
data5_ORD_000170,975.0,355.0,1
data5_ORD_000171,869.0,533.0,1
data5_ORD_000172,864.0,335.0,1
data5_ORD_000173,1824.0,543.0,1
data5_ORD_000174,775.0,783.0,1
data5_ORD_000175,964.0,541.0,1
data5_ORD_000176,406.0,60.0,1
data5_ORD_000177,2290.0,101.0,1
data5_ORD_000178,810.0,70.0,1
data5_ORD_000179,955.0,73.0,1
data5_ORD_000180,397.0,60.0,1
data5_ORD_000181,150.0,330.0,1
data5_ORD_000182,804.0,60.0,1
data5_ORD_000183,70.0,300.0,1
data5_ORD_000184,1665.0,70.0,1
data5_ORD_000185,984.0,60.0,1
data5_ORD_000186,887.0,533.0,1
data5_ORD_000187,1917.0,288.0,1
data5_ORD_000188,2405.0,350.0,1
data5_ORD_000189,2310.0,574.0,1
data5_ORD_000190,794.0,191.0,1
data5_ORD_000191,364.0,311.0,1
data5_ORD_000192,1946.0,543.0,1
data5_ORD_000193,514.0,211.0,1
data5_ORD_000194,364.0,311.0,1
data5_ORD_000195,1747.0,311.0,1
data5_ORD_000196,864.0,333.0,1
data5_ORD_000197,420.0,323.0,1
data5_ORD_000198,714.0,323.0,1
data5_ORD_000199,714.0,323.0,1
data5_ORD_000200,1303.0,350.0,1
data5_ORD_000201,864.0,375.0,1
data5_ORD_000202,334.0,303.0,1
data5_ORD_000203,1634.0,280.0,1
data5_ORD_000204,925.0,308.0,1
data5_ORD_000205,440.0,544.0,1
data5_ORD_000206,397.0,361.0,1
data5_ORD_000207,833.0,70.0,1
data5_ORD_000208,384.0,60.0,1
data5_ORD_000209,1314.0,60.0,1
data5_ORD_000210,1485.0,130.0,1
data5_ORD_000211,1254.0,60.0,1
data5_ORD_000212,1464.0,150.0,1
data5_ORD_000213,458.0,60.0,1
data5_ORD_000214,1963.0,60.0,1
data5_ORD_000215,150.0,1114.0,1
data5_ORD_000216,493.0,70.0,1
data5_ORD_000217,514.0,211.0,1
data5_ORD_000218,752.0,340.0,1
data5_ORD_000219,740.0,533.0,1
data5_ORD_000220,229.0,283.0,1
data5_ORD_000221,866.0,299.0,1
data5_ORD_000222,2282.0,489.0,1
data5_ORD_000223,393.0,551.0,1
data5_ORD_000224,669.0,274.0,1
data5_ORD_000225,932.0,368.0,1
data5_ORD_000226,509.0,262.0,1
data5_ORD_000227,350.0,270.0,1
data5_ORD_000228,1964.0,221.0,1
data5_ORD_000229,368.0,268.0,1
data5_ORD_000230,1480.0,240.0,1
data5_ORD_000231,800.0,382.0,1
data5_ORD_000232,481.0,587.0,1
data5_ORD_000233,2324.0,542.0,1
data5_ORD_000234,789.0,331.0,1
data5_ORD_000235,960.0,570.0,1
data5_ORD_000236,1328.5,313.0,1
data5_ORD_000237,414.0,323.0,1
data5_ORD_000238,1917.0,288.0,1
data5_ORD_000239,731.0,301.0,1
data5_ORD_000240,1600.0,1128.0,1
data5_ORD_000241,481.0,266.0,1
data5_ORD_000242,1485.0,230.0,1
data5_ORD_000243,1946.0,543.0,1
data5_ORD_000244,1935.0,680.0,1
data5_ORD_000245,1435.0,324.0,1
data5_ORD_000246,1228.0,311.0,1
data5_ORD_000247,1746.0,331.0,1
data5_ORD_000248,397.0,361.0,1
data5_ORD_000249,702.0,580.0,1
data5_ORD_000250,1435.0,324.0,1
data5_ORD_000251,2364.0,246.0,1
data5_ORD_000252,269.0,305.0,1
data5_ORD_000253,350.0,239.0,1
data5_ORD_000254,2040.0,275.0,1
data5_ORD_000255,1374.0,331.0,1
data5_ORD_000256,337.0,315.0,1
data5_ORD_000257,337.0,315.0,1
data5_ORD_000258,1464.0,60.0,1
data5_ORD_000259,904.0,60.0,1
data5_ORD_000260,1684.0,130.0,1
data5_ORD_000261,368.0,60.0,1
data5_ORD_000262,1552.0,60.0,1
data5_ORD_000263,876.0,60.0,1
data5_ORD_000264,964.0,60.0,1
data5_ORD_000265,964.0,71.0,1
data5_ORD_000266,2174.0,60.0,1
data5_ORD_000267,1964.0,111.0,1
data5_ORD_000268,2310.0,230.0,1
data5_ORD_000269,882.0,359.0,1
data5_ORD_000270,713.5,319.0,1
data5_ORD_000271,332.0,325.0,1
data5_ORD_000272,645.0,548.0,1
data5_ORD_000273,2364.0,393.0,1
data5_ORD_000274,450.0,364.0,1
data5_ORD_000275,1935.0,600.0,1
data5_ORD_000276,544.0,359.0,1
data5_ORD_000277,1164.0,382.0,1
data5_ORD_000278,406.0,323.0,1
data5_ORD_000279,484.0,541.0,1
data5_ORD_000280,2400.0,395.0,1
data5_ORD_000281,724.5,1114.0,1
data5_ORD_000282,384.0,553.0,1
data5_ORD_000283,777.0,221.0,1
data5_ORD_000284,493.0,531.0,1
data5_ORD_000285,337.0,315.0,1
data5_ORD_000286,864.0,349.0,1
data5_ORD_000287,843.0,541.0,1
data5_ORD_000288,2000.0,324.0,1
data5_ORD_000289,1785.0,70.0,1
data5_ORD_000290,463.5,120.0,1
data5_ORD_000291,725.0,330.0,1
data5_ORD_000292,2034.5,364.0,1
data5_ORD_000293,489.0,369.0,1
data5_ORD_000294,434.0,553.0,1
data5_ORD_000295,1049.5,364.0,1
data5_ORD_000296,2313.0,554.0,1
data5_ORD_000297,750.0,360.0,1
data5_ORD_000298,337.0,315.0,1
data5_ORD_000299,899.0,543.0,1
data5_ORD_000300,364.0,311.0,1
data5_ORD_000301,332.0,325.0,1
data5_ORD_000302,668.0,274.0,1
data5_ORD_000303,564.0,382.0,1
data5_ORD_000304,1748.0,311.0,1
data5_ORD_000305,723.0,321.0,1
data5_ORD_000306,453.0,279.0,1
data5_ORD_000307,1458.0,291.0,1
data5_ORD_000308,590.0,544.0,1
data5_ORD_000309,2143.5,374.0,1
data5_ORD_000310,450.0,330.0,1
data5_ORD_000311,245.5,255.0,1
data5_ORD_000312,777.0,221.0,1
data5_ORD_000313,263.5,319.0,1
data5_ORD_000314,725.0,550.0,1
data5_ORD_000315,472.0,587.0,1
data5_ORD_000316,336.0,350.0,1
data5_ORD_000317,734.0,350.0,1
data5_ORD_000318,414.0,323.0,1
data5_ORD_000319,982.0,324.0,1
data5_ORD_000320,1464.0,60.0,1
data5_ORD_000321,1481.0,60.0,1
data5_ORD_000322,964.0,91.0,1
data5_ORD_000323,1244.0,70.0,1
data5_ORD_000324,1464.0,120.0,1
data5_ORD_000325,70.0,300.0,1
data5_ORD_000326,100.0,920.0,1
data5_ORD_000327,1434.0,60.0,1
data5_ORD_000328,364.0,311.0,1
data5_ORD_000329,183.5,310.0,1
data5_ORD_000330,373.0,315.0,1
data5_ORD_000331,975.0,238.0,1
data5_ORD_000332,423.0,215.0,1
data5_ORD_000333,203.5,272.0,1
data5_ORD_000334,1370.0,370.0,1
data5_ORD_000335,2054.0,324.0,1
data5_ORD_000336,428.0,321.0,1
data5_ORD_000337,312.0,260.0,1
data5_ORD_000338,1181.0,253.0,1
data5_ORD_000339,1458.0,563.0,1
data5_ORD_000340,1810.0,259.0,1
data5_ORD_000341,723.0,321.0,1
data5_ORD_000342,865.0,323.0,1
data5_ORD_000343,509.0,281.0,1
data5_ORD_000344,423.0,373.0,1
data5_ORD_000345,334.0,303.0,1
data5_ORD_000346,540.0,434.0,1
data5_ORD_000347,752.0,340.0,1
data5_ORD_000348,2420.0,380.0,1
data5_ORD_000349,406.0,323.0,1
data5_ORD_000350,725.0,330.0,1
data5_ORD_000351,725.0,330.0,1
data5_ORD_000352,2085.0,230.0,1
data5_ORD_000353,269.0,305.0,1
data5_ORD_000354,1228.0,220.0,1
data5_ORD_000355,1513.0,554.0,1
data5_ORD_000356,814.0,359.0,1
data5_ORD_000357,775.0,530.0,1
data5_ORD_000358,734.0,350.0,1
data5_ORD_000359,588.0,383.0,1
data5_ORD_000360,373.0,315.0,1
data5_ORD_000361,162.0,315.0,1
data5_ORD_000362,789.0,543.0,1
data5_ORD_000363,725.0,464.0,1
data5_ORD_000364,420.0,323.0,1
data5_ORD_000365,451.0,253.0,1
data5_ORD_000366,950.0,314.0,1
data5_ORD_000367,2310.0,230.0,1
data5_ORD_000368,963.0,531.0,1
data5_ORD_000369,866.0,291.0,1
data5_ORD_000370,364.0,311.0,1
data5_ORD_000371,150.0,511.0,1
data5_ORD_000372,789.0,60.0,1
data5_ORD_000373,1495.0,70.0,1
data5_ORD_000374,1435.0,110.0,1
data5_ORD_000375,964.0,91.0,1
data5_ORD_000376,1964.0,111.0,1
data5_ORD_000377,614.0,70.0,1
data5_ORD_000378,1704.0,60.0,1
data5_ORD_000379,383.0,60.0,1
data5_ORD_000380,113.5,310.0,1
data5_ORD_000381,2290.0,375.0,1
data5_ORD_000382,1059.0,543.0,1
data5_ORD_000383,1560.0,213.0,1
data5_ORD_000384,865.0,323.0,1
data5_ORD_000385,419.0,321.0,1
data5_ORD_000386,723.0,321.0,1
data5_ORD_000387,710.0,280.0,1
data5_ORD_000388,869.0,533.0,1
data5_ORD_000389,775.0,1164.0,1
data5_ORD_000390,356.0,341.0,1
data5_ORD_000391,540.0,434.0,1
data5_ORD_000392,739.0,543.0,1
data5_ORD_000393,739.0,543.0,1
data5_ORD_000394,2400.0,334.0,1
data5_ORD_000395,2040.0,360.0,1
data5_ORD_000396,282.5,322.0,1
data5_ORD_000397,293.5,252.0,1
data5_ORD_000398,2000.0,534.0,1
data5_ORD_000399,372.0,299.0,1
data5_ORD_000400,869.0,533.0,1
data5_ORD_000401,160.0,502.0,1
data5_ORD_000402,635.0,520.0,1
data5_ORD_000403,377.5,310.0,1
data5_ORD_000404,866.0,323.0,1
data5_ORD_000405,451.0,253.0,1
data5_ORD_000406,1019.5,528.0,1
data5_ORD_000407,845.0,310.0,1
data5_ORD_000408,445.0,523.0,1
data5_ORD_000409,2370.0,550.0,1
data5_ORD_000410,373.0,509.0,1
data5_ORD_000411,416.0,303.0,1
data5_ORD_000412,334.0,303.0,1
data5_ORD_000413,904.0,573.0,1
data5_ORD_000414,708.0,431.0,1
data5_ORD_000415,1960.0,544.0,1
data5_ORD_000416,2180.0,330.0,1
data5_ORD_000417,229.0,283.0,1
data5_ORD_000418,904.0,60.0,1
data5_ORD_000419,1684.0,60.0,1
data5_ORD_000420,1747.0,150.0,1
data5_ORD_000421,70.0,300.0,1
data5_ORD_000422,1280.0,60.0,1
data5_ORD_000423,864.0,94.0,1
data5_ORD_000424,899.0,543.0,1
data5_ORD_000425,2420.0,544.0,1
data5_ORD_000426,419.0,321.0,1
data5_ORD_000427,938.0,279.0,1
data5_ORD_000428,700.0,300.0,1
data5_ORD_000429,882.0,453.0,1
data5_ORD_000430,2401.0,350.0,1
data5_ORD_000431,2401.0,350.0,1
data5_ORD_000432,1960.0,544.0,1
data5_ORD_000433,2310.0,514.0,1
data5_ORD_000434,417.0,275.0,1
data5_ORD_000435,275.0,275.0,1
data5_ORD_000436,797.0,275.0,1
data5_ORD_000437,725.0,710.0,1
data5_ORD_000438,350.0,329.0,1
data5_ORD_000439,1699.0,264.0,1
data5_ORD_000440,739.0,543.0,1
data5_ORD_000441,439.0,531.0,1
data5_ORD_000442,864.0,523.0,1
data5_ORD_000443,1070.0,300.0,1
data5_ORD_000444,887.0,533.0,1
data5_ORD_000445,2000.0,534.0,1
data5_ORD_000446,476.0,323.0,1
data5_ORD_000447,408.5,541.0,1
data5_ORD_000448,282.0,307.0,1
data5_ORD_000449,1684.0,925.0,1
data5_ORD_000450,440.0,544.0,1
data5_ORD_000451,873.0,579.0,1
data5_ORD_000452,406.0,323.0,1
data5_ORD_000453,1656.0,367.5,1
data5_ORD_000454,364.0,311.0,1
data5_ORD_000455,725.0,330.0,1
data5_ORD_000456,368.0,268.0,1
data5_ORD_000457,481.0,587.0,1
data5_ORD_000458,1329.0,269.0,1
data5_ORD_000459,588.0,383.0,1
data5_ORD_000460,975.0,350.0,1
data5_ORD_000461,770.0,350.0,1
data5_ORD_000462,256.9,257.0,1
data5_ORD_000463,1164.0,258.0,1
data5_ORD_000464,162.1,330.0,1
data5_ORD_000465,364.0,313.0,1
data5_ORD_000466,606.3,392.0,1
data5_ORD_000467,2000.0,324.0,1
data5_ORD_000468,219.5,310.0,1
data5_ORD_000469,714.0,323.0,1
data5_ORD_000470,415.0,534.0,1
data5_ORD_000471,876.0,251.0,1
data5_ORD_000472,423.0,373.0,1
data5_ORD_000473,754.0,327.0,1
data5_ORD_000474,2282.0,388.0,1
data5_ORD_000475,780.0,395.0,1
data5_ORD_000476,484.0,541.0,1
data5_ORD_000477,275.0,275.0,1
data5_ORD_000478,450.0,574.0,1
data5_ORD_000479,562.0,379.0,1
data5_ORD_000480,785.6,360.0,1
data5_ORD_000481,337.0,315.0,1
data5_ORD_000482,2194.0,200.0,1
data5_ORD_000483,919.0,224.0,1
data5_ORD_000484,414.0,60.0,1
data5_ORD_000485,1059.0,60.0,1
data5_ORD_000486,714.0,120.0,1
data5_ORD_000487,1194.0,60.0,1
data5_ORD_000488,767.0,60.0,1
data5_ORD_000489,1434.0,60.0,1
data5_ORD_000490,1302.0,75.0,1
data5_ORD_000491,150.0,364.0,1
data5_ORD_000492,789.0,60.0,1
data5_ORD_000493,114.0,326.0,1
data5_ORD_000494,370.0,541.0,1
data5_ORD_000495,2174.0,320.0,1
data5_ORD_000496,220.0,330.0,1
data5_ORD_000497,669.0,274.0,1
data5_ORD_000498,669.0,274.0,1
data5_ORD_000499,1378.0,320.0,1
data5_ORD_000500,1480.0,240.0,1
data5_ORD_000501,250.0,400.0,1
data5_ORD_000502,673.0,490.0,1
data5_ORD_000503,789.0,331.0,1
data5_ORD_000504,900.0,625.0,1
data5_ORD_000505,434.0,573.0,1
data5_ORD_000506,2420.0,397.0,1
data5_ORD_000507,361.0,530.0,1
data5_ORD_000508,220.0,330.0,1
data5_ORD_000509,804.0,553.0,1
data5_ORD_000510,2078.0,268.0,1
data5_ORD_000511,763.0,572.0,1
data5_ORD_000512,975.0,789.0,1
data5_ORD_000513,789.0,543.0,1
data5_ORD_000514,964.0,392.0,1
data5_ORD_000515,481.0,266.0,1
data5_ORD_000516,903.0,541.0,1
data5_ORD_000517,955.0,543.0,1
data5_ORD_000518,930.0,540.0,1
data5_ORD_000519,514.0,211.0,1
data5_ORD_000520,1938.0,580.0,1
data5_ORD_000521,904.0,553.0,1
data5_ORD_000522,795.0,359.0,1
data5_ORD_000523,160.0,511.0,1
data5_ORD_000524,304.5,508.0,1
data5_ORD_000525,429.0,60.0,1
data5_ORD_000526,369.0,60.0,1
data5_ORD_000527,1464.0,120.0,1
data5_ORD_000528,1341.0,70.0,1
data5_ORD_000529,420.0,60.0,1
data5_ORD_000530,701.0,120.0,1
data5_ORD_000531,794.0,71.0,1
data5_ORD_000532,280.0,89.0,1
data5_ORD_000533,831.0,108.0,1
data5_ORD_000534,369.0,60.0,1
data5_ORD_000535,370.0,541.0,1
data5_ORD_000536,1199.0,311.0,1
data5_ORD_000537,775.0,484.0,1
data5_ORD_000538,1964.0,221.0,1
data5_ORD_000539,467.0,275.0,1
data5_ORD_000540,797.0,275.0,1
data5_ORD_000541,1164.0,382.0,1
data5_ORD_000542,1455.0,382.0,1
data5_ORD_000543,560.0,304.0,1
data5_ORD_000544,2406.0,332.0,1
data5_ORD_000545,767.0,343.0,1
data5_ORD_000546,876.0,353.0,1
data5_ORD_000547,389.0,531.0,1
data5_ORD_000548,2230.0,382.0,1
data5_ORD_000549,930.0,394.0,1
data5_ORD_000550,356.0,341.0,1
data5_ORD_000551,392.0,311.0,1
data5_ORD_000552,702.0,574.0,1
data5_ORD_000553,848.5,322.0,1
data5_ORD_000554,332.0,345.0,1
data5_ORD_000555,80.0,326.0,1
data5_ORD_000556,927.0,70.0,1
data5_ORD_000557,640.0,70.0,1
data5_ORD_000558,919.0,60.0,1
data5_ORD_000559,831.0,108.0,1
data5_ORD_000560,899.0,60.0,1
data5_ORD_000561,789.0,60.0,1
data5_ORD_000562,964.0,70.0,1
data5_ORD_000563,451.0,60.0,1
data5_ORD_000564,123.5,753.5,1
data5_ORD_000565,2277.0,549.0,1
data5_ORD_000566,940.5,548.0,1
data5_ORD_000567,282.5,322.0,1
data5_ORD_000568,1458.0,309.0,1
data5_ORD_000569,553.5,210.0,1
data5_ORD_000570,476.0,323.0,1
data5_ORD_000571,423.0,373.0,1
data5_ORD_000572,434.0,573.0,1
data5_ORD_000573,477.5,539.0,1
data5_ORD_000574,1244.0,311.0,1
data5_ORD_000575,446.0,391.0,1
data5_ORD_000576,1240.0,268.0,1
data5_ORD_000577,708.0,431.0,1
data5_ORD_000578,925.0,964.0,1
data5_ORD_000579,440.0,544.0,1
data5_ORD_000580,397.0,361.0,1
data5_ORD_000581,688.0,310.0,1
data5_ORD_000582,698.0,509.0,1
data5_ORD_000583,173.0,313.0,1
data5_ORD_000584,337.0,315.0,1
data5_ORD_000585,925.0,258.0,1
data5_ORD_000586,703.0,541.0,1
data5_ORD_000587,2323.5,542.0,1
data5_ORD_000588,843.0,541.0,1
data5_ORD_000589,420.0,323.0,1
data5_ORD_000590,428.0,321.0,1
data5_ORD_000591,1020.0,300.0,1
data5_ORD_000592,430.0,531.0,1
data5_ORD_000593,887.0,533.0,1
data5_ORD_000594,372.0,281.0,1
data5_ORD_000595,844.0,339.0,1
data5_ORD_000596,1164.0,511.0,1
data5_ORD_000597,794.0,60.0,1
data5_ORD_000598,397.0,60.0,1
data5_ORD_000599,1050.0,350.0,1
data5_ORD_000600,364.0,311.0,1
data5_ORD_000601,380.0,364.0,1
data5_ORD_000602,368.0,268.0,1
data5_ORD_000603,734.0,350.0,1
data5_ORD_000604,746.0,315.0,1
data5_ORD_000605,369.0,356.0,1
data5_ORD_000606,423.0,331.0,1
data5_ORD_000607,162.0,315.0,1
data5_ORD_000608,162.0,315.0,1
data5_ORD_000609,2420.0,544.0,1
data5_ORD_000610,840.0,600.0,1
data5_ORD_000611,876.0,353.0,1
data5_ORD_000612,813.5,324.0,1
data5_ORD_000613,414.0,511.0,1
data5_ORD_000614,731.0,301.0,1
data5_ORD_000615,2040.0,440.0,1
data5_ORD_000616,373.0,509.0,1
data5_ORD_000617,338.0,541.0,1
data5_ORD_000618,940.5,548.0,1
data5_ORD_000619,377.5,310.0,1
data5_ORD_000620,430.0,531.0,1
data5_ORD_000621,475.0,530.0,1
data5_ORD_000622,160.0,328.0,1
data5_ORD_000623,868.5,302.0,1
data5_ORD_000624,434.0,573.0,1
data5_ORD_000625,903.0,541.0,1
data5_ORD_000626,1684.0,289.0,1
data5_ORD_000627,472.0,587.0,1
data5_ORD_000628,669.0,349.0,1
data5_ORD_000629,203.5,272.0,1
data5_ORD_000630,2320.0,350.0,1
data5_ORD_000631,1164.0,258.0,1
data5_ORD_000632,423.0,331.0,1
data5_ORD_000633,1972.5,322.0,1
data5_ORD_000634,2310.0,260.0,1
data5_ORD_000635,975.0,360.0,1
data5_ORD_000636,2317.0,549.0,1
data5_ORD_000637,984.0,70.0,1
data5_ORD_000638,1689.0,60.0,1
data5_ORD_000639,1419.0,60.0,1
data5_ORD_000640,493.0,70.0,1
data5_ORD_000641,2032.0,60.0,1
data5_ORD_000642,2004.0,94.0,1
data5_ORD_000643,950.0,130.0,1
data5_ORD_000644,804.0,60.0,1
data5_ORD_000645,2078.0,60.0,1
data5_ORD_000646,764.0,70.0,1
data5_ORD_000647,975.0,258.0,1
data5_ORD_000648,789.0,543.0,1
data5_ORD_000649,414.0,331.0,1
data5_ORD_000650,496.0,279.0,1
data5_ORD_000651,1164.0,258.0,1
data5_ORD_000652,2000.0,324.0,1
data5_ORD_000653,2054.0,324.0,1
data5_ORD_000654,723.0,321.0,1
data5_ORD_000655,528.0,281.0,1
data5_ORD_000656,869.0,533.0,1
data5_ORD_000657,654.0,541.0,1
data5_ORD_000658,434.0,553.0,1
data5_ORD_000659,2000.0,554.0,1
data5_ORD_000660,275.0,275.0,1
data5_ORD_000661,669.0,256.0,1
data5_ORD_000662,403.0,541.0,1
data5_ORD_000663,426.0,321.0,1
data5_ORD_000664,1460.0,265.0,1
data5_ORD_000665,608.5,245.0,1
data5_ORD_000666,2277.0,549.0,1
data5_ORD_000667,921.0,70.0,1
data5_ORD_000668,864.0,70.0,1
data5_ORD_000669,113.5,310.0,1
data5_ORD_000670,493.0,60.0,1
data5_ORD_000671,60.0,350.0,1
data5_ORD_000672,489.0,60.0,1
data5_ORD_000673,1419.0,70.0,1
data5_ORD_000674,458.0,60.0,1
data5_ORD_000675,489.0,60.0,1
data5_ORD_000676,1964.0,70.0,1
data5_ORD_000677,857.0,316.0,1
data5_ORD_000678,514.0,553.0,1
data5_ORD_000679,1100.0,275.0,1
data5_ORD_000680,2078.0,268.0,1
data5_ORD_000681,1196.0,399.0,1
data5_ORD_000682,669.0,349.0,1
data5_ORD_000683,789.0,331.0,1
data5_ORD_000684,770.0,350.0,1
data5_ORD_000685,392.0,432.0,1
data5_ORD_000686,619.0,270.0,1
data5_ORD_000687,606.3,392.0,1
data5_ORD_000688,843.0,541.0,1
data5_ORD_000689,932.0,570.0,1
data5_ORD_000690,328.5,469.0,1
data5_ORD_000691,2003.5,542.0,1
data5_ORD_000692,432.0,624.0,1
data5_ORD_000693,392.0,311.0,1
data5_ORD_000694,1746.0,1050.0,1
data5_ORD_000695,920.0,573.0,1
data5_ORD_000696,166.5,358.0,1
data5_ORD_000697,775.0,530.0,1
data5_ORD_000698,1350.0,1050.0,1
data5_ORD_000699,458.0,548.0,1
data5_ORD_000700,423.0,373.0,1
data5_ORD_000701,434.0,573.0,1
data5_ORD_000702,232.0,269.0,1
data5_ORD_000703,481.0,266.0,1
data5_ORD_000704,432.0,540.0,1
data5_ORD_000705,364.0,311.0,1
data5_ORD_000706,1050.0,350.0,1
data5_ORD_000707,1458.0,563.0,1
data5_ORD_000708,975.0,380.0,1
data5_ORD_000709,476.0,323.0,1
data5_ORD_000710,465.0,411.0,1
data5_ORD_000711,1605.0,304.0,1
data5_ORD_000712,910.0,391.0,1
data5_ORD_000713,386.0,559.0,1
data5_ORD_000714,903.0,541.0,1
data5_ORD_000715,925.0,308.0,1
data5_ORD_000716,964.0,541.0,1
data5_ORD_000717,1960.0,544.0,1
data5_ORD_000718,962.0,327.0,1
data5_ORD_000719,804.0,553.0,1
data5_ORD_000720,514.0,553.0,1
data5_ORD_000721,777.0,239.0,1
data5_ORD_000722,638.5,314.0,1
data5_ORD_000723,173.0,313.0,1
data5_ORD_000724,789.0,543.0,1
data5_ORD_000725,913.0,311.0,1
data5_ORD_000726,2054.0,324.0,1
data5_ORD_000727,1689.0,543.0,1
data5_ORD_000728,160.0,328.0,1
data5_ORD_000729,794.0,191.0,1
data5_ORD_000730,775.0,549.0,1
data5_ORD_000731,397.0,361.0,1
data5_ORD_000732,264.0,394.0,1
data5_ORD_000733,1505.0,600.0,1
data5_ORD_000734,1196.0,399.0,1
data5_ORD_000735,337.0,315.0,1
data5_ORD_000736,870.0,321.0,1
data5_ORD_000737,925.0,984.0,1
data5_ORD_000738,1999.0,120.0,1
data5_ORD_000739,873.0,70.0,1
data5_ORD_000740,70.0,300.0,1
data5_ORD_000741,353.0,60.0,1
data5_ORD_000742,406.0,60.0,1
data5_ORD_000743,364.0,311.0,1
data5_ORD_000744,1522.0,306.0,1
data5_ORD_000745,2313.0,554.0,1
data5_ORD_000746,368.0,268.0,1
data5_ORD_000747,368.0,268.0,1
data5_ORD_000748,476.0,323.0,1
data5_ORD_000749,2319.0,542.0,1
data5_ORD_000750,800.0,304.0,1
data5_ORD_000751,1732.0,323.0,1
data5_ORD_000752,1774.5,364.0,1
data5_ORD_000753,804.0,553.0,1
data5_ORD_000754,282.0,327.0,1
data5_ORD_000755,1443.0,349.5,1
data5_ORD_000756,868.5,360.0,1
data5_ORD_000757,697.0,668.5,1
data5_ORD_000758,739.0,543.0,1
data5_ORD_000759,714.0,323.0,1
data5_ORD_000760,451.0,253.0,1
data5_ORD_000761,876.0,353.0,1
data5_ORD_000762,509.0,262.0,1
data5_ORD_000763,423.0,373.0,1
data5_ORD_000764,835.5,541.0,1
data5_ORD_000765,1480.0,303.0,1
data5_ORD_000766,364.0,311.0,1
data5_ORD_000767,415.0,321.0,1
data5_ORD_000768,259.0,309.0,1
data5_ORD_000769,876.0,60.0,1
data5_ORD_000770,708.0,70.0,1
data5_ORD_000771,964.0,71.0,1
data5_ORD_000772,777.0,221.0,1
data5_ORD_000773,466.0,563.0,1
data5_ORD_000774,1455.0,382.0,1
data5_ORD_000775,2018.0,361.0,1
data5_ORD_000776,509.0,281.0,1
data5_ORD_000777,1964.0,383.0,1
data5_ORD_000778,638.5,314.0,1
data5_ORD_000779,476.0,323.0,1
data5_ORD_000780,373.0,509.0,1
data5_ORD_000781,1244.0,220.0,1
data5_ORD_000782,752.0,340.0,1
data5_ORD_000783,1514.0,560.0,1
data5_ORD_000784,406.0,323.0,1
data5_ORD_000785,162.0,511.0,1
data5_ORD_000786,552.0,625.0,1
data5_ORD_000787,552.0,210.0,1
data5_ORD_000788,588.0,552.0,1
data5_ORD_000789,1017.0,70.0,1
data5_ORD_000790,1374.0,335.5,1
data5_ORD_000791,1311.0,359.0,1
data5_ORD_000792,337.0,315.0,1
data5_ORD_000793,464.0,541.0,1
data5_ORD_000794,1704.0,543.0,1
data5_ORD_000795,913.0,311.0,1
data5_ORD_000796,430.0,531.0,1
data5_ORD_000797,803.5,404.0,1
data5_ORD_000798,322.2,280.0,1
data5_ORD_000799,2004.0,210.0,1
data5_ORD_000800,767.0,343.0,1
data5_ORD_000801,183.5,310.0,1
data5_ORD_000802,514.0,553.0,1
data5_ORD_000803,777.0,239.0,1
data5_ORD_000804,213.0,380.0,1
data5_ORD_000805,337.0,315.0,1
data5_ORD_000806,162.0,315.0,1
data5_ORD_000807,1314.0,323.0,1
data5_ORD_000808,1059.0,543.0,1
data5_ORD_000809,845.0,310.0,1
data5_ORD_000810,466.0,405.0,1
data5_ORD_000811,406.0,323.0,1
data5_ORD_000812,850.0,639.0,1
data5_ORD_000813,713.5,319.0,1
data5_ORD_000814,406.0,323.0,1
data5_ORD_000815,415.0,318.0,1
data5_ORD_000816,724.5,364.0,1
data5_ORD_000817,1050.0,1114.0,1
data5_ORD_000818,812.0,379.0,1
data5_ORD_000819,304.5,508.0,1
data5_ORD_000820,1374.0,775.0,1
data5_ORD_000821,588.0,383.0,1
data5_ORD_000822,781.0,541.0,1
data5_ORD_000823,975.0,360.0,1
data5_ORD_000824,975.5,340.0,1
data5_ORD_000825,458.0,548.0,1
data5_ORD_000826,700.0,625.0,1
data5_ORD_000827,1878.5,542.0,1
data5_ORD_000828,2420.0,380.0,1
data5_ORD_000829,2414.0,534.0,1
data5_ORD_000830,370.0,559.0,1
data5_ORD_000831,873.0,573.0,1
data5_ORD_000832,313.5,257.0,1
data5_ORD_000833,770.0,256.0,1
data5_ORD_000834,428.0,321.0,1
data5_ORD_000835,453.0,279.0,1
data5_ORD_000836,850.5,562.0,1
data5_ORD_000837,869.0,533.0,1
data5_ORD_000838,2100.0,544.0,1
data5_ORD_000839,458.0,548.0,1
data5_ORD_000840,835.5,541.0,1
data5_ORD_000841,359.5,300.0,1
data5_ORD_000842,790.0,350.0,1
data5_ORD_000843,1480.0,240.0,1
data5_ORD_000844,725.0,550.0,1
data5_ORD_000845,669.0,331.0,1
data5_ORD_000846,210.0,570.0,1
data5_ORD_000847,1487.5,314.0,1
data5_ORD_000848,2290.0,232.0,1
data5_ORD_000849,770.0,350.0,1
data5_ORD_000850,964.0,392.0,1
data5_ORD_000851,256.8,257.0,1
data5_ORD_000852,739.0,543.0,1
data5_ORD_000853,713.0,340.0,1
data5_ORD_000854,373.0,315.0,1
data5_ORD_000855,203.5,272.0,1
data5_ORD_000856,369.0,337.0,1
data5_ORD_000857,1311.0,359.0,1
data5_ORD_000858,1810.0,259.0,1
data5_ORD_000859,714.0,323.0,1
data5_ORD_000860,864.0,333.0,1
data5_ORD_000861,938.0,279.0,1
data5_ORD_000862,439.0,531.0,1
data5_ORD_000863,640.0,280.0,1
data5_ORD_000864,1746.0,311.0,1
data5_ORD_000865,364.0,211.0,1
data5_ORD_000866,380.0,330.0,1
data5_ORD_000867,2000.0,554.0,1
data5_ORD_000868,282.0,327.0,1
data5_ORD_000869,1100.0,275.0,1
data5_ORD_000870,1726.0,256.0,1
data5_ORD_000871,350.0,221.0,1
data5_ORD_000872,560.0,304.0,1
data5_ORD_000873,2420.0,550.0,1
data5_ORD_000874,222.0,300.0,1
data5_ORD_000875,2169.0,273.0,1
data5_ORD_000876,2400.0,334.0,1
data5_ORD_000877,312.0,260.0,1
data5_ORD_000878,1459.0,270.0,1
data5_ORD_000879,844.0,339.0,1
data5_ORD_000880,1689.0,543.0,1
data5_ORD_000881,730.0,341.0,1
data5_ORD_000882,904.0,571.0,1
data5_ORD_000883,2395.0,560.0,1
data5_ORD_000884,329.5,70.0,1
data5_ORD_000885,964.0,91.0,1
data5_ORD_000886,150.0,330.0,1
data5_ORD_000887,669.0,60.0,1
data5_ORD_000888,804.0,60.0,1
data5_ORD_000889,1255.0,65.0,1
data5_ORD_000890,899.0,60.0,1
data5_ORD_000891,1194.0,60.0,1
data5_ORD_000892,417.0,60.0,1
data5_ORD_000893,925.0,110.0,1
data5_ORD_000894,767.0,343.0,1
data5_ORD_000895,389.0,543.0,1
data5_ORD_000896,458.0,548.0,1
data5_ORD_000897,232.0,269.0,1
data5_ORD_000898,1114.0,331.0,1
data5_ORD_000899,2414.0,560.0,1
data5_ORD_000900,361.0,530.0,1
data5_ORD_000901,775.0,902.0,1
data5_ORD_000902,264.0,394.0,1
data5_ORD_000903,220.0,330.0,1
data5_ORD_000904,364.0,311.0,1
data5_ORD_000905,364.0,211.0,1
data5_ORD_000906,1522.0,306.0,1
data5_ORD_000907,2085.0,230.0,1
data5_ORD_000908,2000.0,554.0,1
data5_ORD_000909,1903.5,552.0,1
data5_ORD_000910,393.0,551.0,1
data5_ORD_000911,1419.0,382.0,1
data5_ORD_000912,725.0,493.0,1
data5_ORD_000913,1254.0,543.0,1
data5_ORD_000914,337.0,315.0,1
data5_ORD_000915,746.0,335.0,1
data5_ORD_000916,413.0,236.0,1
data5_ORD_000917,789.0,543.0,1
data5_ORD_000918,2325.0,913.0,1
data5_ORD_000919,1972.5,322.0,1
data5_ORD_000920,710.0,280.0,1
data5_ORD_000921,969.0,561.0,1
data5_ORD_000922,239.5,290.0,1
data5_ORD_000923,780.0,281.0,1
data5_ORD_000924,1459.0,270.0,1
data5_ORD_000925,364.0,60.0,1
data5_ORD_000926,1704.0,60.0,1
data5_ORD_000927,1254.0,60.0,1
data5_ORD_000928,1803.0,60.0,1
data5_ORD_000929,150.0,330.0,1
data5_ORD_000930,1964.0,70.0,1
data5_ORD_000931,864.0,60.0,1
data5_ORD_000932,113.5,310.0,1
data5_ORD_000933,65.0,550.0,1
data5_ORD_000934,70.0,300.0,1
data5_ORD_000935,730.0,341.0,1
data5_ORD_000936,481.0,266.0,1
data5_ORD_000937,794.0,191.0,1
data5_ORD_000938,183.5,310.0,1
data5_ORD_000939,806.0,400.0,1
data5_ORD_000940,397.0,361.0,1
data5_ORD_000941,2340.0,284.0,1
data5_ORD_000942,229.0,283.0,1
data5_ORD_000943,364.0,311.0,1
data5_ORD_000944,1200.0,311.0,1
data5_ORD_000945,1935.0,600.0,1
data5_ORD_000946,428.0,321.0,1
data5_ORD_000947,938.0,279.0,1
data5_ORD_000948,453.0,261.0,1
data5_ORD_000949,2080.0,240.0,1
data5_ORD_000950,420.0,251.0,1
data5_ORD_000951,869.0,533.0,1
data5_ORD_000952,2317.0,549.0,1
data5_ORD_000953,282.0,307.0,1
data5_ORD_000954,1104.0,343.0,1
data5_ORD_000955,282.0,307.0,1
data5_ORD_000956,2264.5,267.0,1
data5_ORD_000957,708.0,431.0,1
data5_ORD_000958,364.0,311.0,1
data5_ORD_000959,1114.0,311.0,1
data5_ORD_000960,955.0,543.0,1
data5_ORD_000961,392.0,311.0,1
data5_ORD_000962,220.0,330.0,1
data5_ORD_000963,397.0,361.0,1
data5_ORD_000964,1732.0,323.0,1
data5_ORD_000965,539.5,508.0,1
data5_ORD_000966,1964.0,383.0,1
data5_ORD_000967,789.0,543.0,1
data5_ORD_000968,2020.0,475.0,1
data5_ORD_000969,615.5,257.0,1
data5_ORD_000970,2420.0,544.0,1
data5_ORD_000971,396.0,330.0,1
data5_ORD_000972,419.0,321.0,1
data5_ORD_000973,428.0,321.0,1
data5_ORD_000974,328.5,469.0,1
data5_ORD_000975,2040.0,344.0,1
data5_ORD_000976,955.0,543.0,1
data5_ORD_000977,1200.0,330.0,1
data5_ORD_000978,282.0,327.0,1
data5_ORD_000979,178.5,267.0,1
data5_ORD_000980,669.0,268.0,1
data5_ORD_000981,564.0,382.0,1
data5_ORD_000982,697.0,668.5,1
data5_ORD_000983,403.0,541.0,1
data5_ORD_000984,1310.5,713.0,1
data5_ORD_000985,373.0,335.0,1
data5_ORD_000986,560.5,90.0,1
data5_ORD_000987,802.0,60.0,1
data5_ORD_000988,384.0,60.0,1
data5_ORD_000989,383.0,60.0,1
data5_ORD_000990,70.0,300.0,1
data5_ORD_000991,150.0,330.0,1
data5_ORD_000992,1482.0,60.0,1
data5_ORD_000993,1059.0,60.0,1
data5_ORD_000994,714.0,120.0,1
data5_ORD_000995,739.0,60.0,1
data5_ORD_000996,1100.0,275.0,1
data5_ORD_000997,173.0,313.0,1
data5_ORD_000998,2000.0,324.0,1
data5_ORD_000999,1464.0,323.0,1
data5_ORD_001000,940.5,548.0,1
data5_ORD_001001,400.0,546.0,1
data5_ORD_001002,219.5,310.0,1
data5_ORD_001003,377.5,310.0,1
data5_ORD_001004,1304.0,311.0,1
data5_ORD_001005,899.0,543.0,1
data5_ORD_001006,362.0,540.0,1
data5_ORD_001007,588.0,383.0,1
data5_ORD_001008,369.0,356.0,1
data5_ORD_001009,1900.0,392.0,1
data5_ORD_001010,1805.5,547.0,1
data5_ORD_001011,400.0,546.0,1
data5_ORD_001012,396.0,330.0,1
data5_ORD_001013,396.0,330.0,1
data5_ORD_001014,2420.0,544.0,1
data5_ORD_001015,1834.0,281.0,1
data5_ORD_001016,1458.0,309.0,1
data5_ORD_001017,1392.0,360.0,1
data5_ORD_001018,476.0,323.0,1
data5_ORD_001019,475.0,414.0,1
data5_ORD_001020,2317.0,549.0,1
data5_ORD_001021,458.0,548.0,1
data5_ORD_001022,950.0,230.0,1
data5_ORD_001023,794.0,191.0,1
data5_ORD_001024,406.0,323.0,1
data5_ORD_001025,229.0,283.0,1
data5_ORD_001026,1114.0,311.0,1
data5_ORD_001027,220.0,330.0,1
data5_ORD_001028,841.0,70.0,1
data5_ORD_001029,1104.0,60.0,1
data5_ORD_001030,100.0,920.0,1
data5_ORD_001031,420.0,60.0,1
data5_ORD_001032,1104.0,60.0,1
data5_ORD_001033,964.0,91.0,1
data5_ORD_001034,100.0,920.0,1
data5_ORD_001035,789.0,60.0,1
data5_ORD_001036,739.0,60.0,1
data5_ORD_001037,100.0,920.0,1
data5_ORD_001038,833.0,541.0,1
data5_ORD_001039,350.0,270.0,1
data5_ORD_001040,337.0,315.0,1
data5_ORD_001041,423.0,215.0,1
data5_ORD_001042,399.5,542.0,1
data5_ORD_001043,864.0,349.0,1
data5_ORD_001044,1464.0,323.0,1
data5_ORD_001045,377.5,310.0,1
data5_ORD_001046,439.0,531.0,1
data5_ORD_001047,2000.0,534.0,1
data5_ORD_001048,1480.0,303.0,1
data5_ORD_001049,1104.0,343.0,1
data5_ORD_001050,477.5,539.0,1
data5_ORD_001051,882.0,359.0,1
data5_ORD_001052,740.0,533.0,1
data5_ORD_001053,151.5,319.0,1
data5_ORD_001054,229.0,283.0,1
data5_ORD_001055,1200.0,330.0,1
data5_ORD_001056,1050.0,330.0,1
data5_ORD_001057,744.0,393.0,1
data5_ORD_001058,469.0,344.0,1
data5_ORD_001059,1440.0,544.0,1
data5_ORD_001060,950.0,548.0,1
data5_ORD_001061,1285.0,344.0,1
data5_ORD_001062,1266.0,300.0,1
data5_ORD_001063,2340.0,544.0,1
data5_ORD_001064,2385.0,794.0,1
data5_ORD_001065,955.0,543.0,1
data5_ORD_001066,1050.0,350.0,1
data5_ORD_001067,775.0,560.0,1
data5_ORD_001068,220.0,1199.0,1
data5_ORD_001069,1314.0,323.0,1
data5_ORD_001070,430.0,531.0,1
data5_ORD_001071,415.0,534.0,1
data5_ORD_001072,864.0,523.0,1
data5_ORD_001073,876.0,269.0,1
data5_ORD_001074,982.0,332.0,1
data5_ORD_001075,982.0,332.0,1
data5_ORD_001076,423.0,373.0,1
data5_ORD_001077,754.0,327.0,1
data5_ORD_001078,2310.0,574.0,1
data5_ORD_001079,60.0,350.0,1
data5_ORD_001080,864.0,60.0,1
data5_ORD_001081,420.0,70.0,1
data5_ORD_001082,420.0,70.0,1
data5_ORD_001083,514.0,60.0,1
data5_ORD_001084,150.0,330.0,1
data5_ORD_001085,864.0,100.0,1
data5_ORD_001086,2043.0,70.0,1
data5_ORD_001087,489.0,369.0,1
data5_ORD_001088,434.0,553.0,1
data5_ORD_001089,458.0,324.0,1
data5_ORD_001090,259.5,220.0,1
data5_ORD_001091,693.5,510.0,1
data5_ORD_001092,1946.0,543.0,1
data5_ORD_001093,1938.0,580.0,1
data5_ORD_001094,1435.0,324.0,1
data5_ORD_001095,962.0,327.0,1
data5_ORD_001096,1775.0,330.0,1
data5_ORD_001097,688.0,310.0,1
data5_ORD_001098,364.0,211.0,1
data5_ORD_001099,887.0,533.0,1
data5_ORD_001100,780.0,299.0,1
data5_ORD_001101,780.0,299.0,1
data5_ORD_001102,469.0,344.0,1
data5_ORD_001103,2317.0,549.0,1
data5_ORD_001104,2415.0,544.0,1
data5_ORD_001105,1164.0,511.0,1
data5_ORD_001106,1747.0,311.0,1
data5_ORD_001107,864.0,309.0,1
data5_ORD_001108,1228.0,311.0,1
data5_ORD_001109,364.0,311.0,1
data5_ORD_001110,364.0,311.0,1
data5_ORD_001111,514.0,553.0,1
data5_ORD_001112,384.0,553.0,1
data5_ORD_001113,2040.0,275.0,1
data5_ORD_001114,1480.0,240.0,1
data5_ORD_001115,481.0,587.0,1
data5_ORD_001116,669.0,331.0,1
data5_ORD_001117,975.0,350.0,1
data5_ORD_001118,2406.0,316.0,1
data5_ORD_001119,2037.5,70.0,1
data5_ORD_001120,1412.0,65.0,1
data5_ORD_001121,1956.0,60.0,1
data5_ORD_001122,919.0,60.0,1
data5_ORD_001123,553.5,94.0,1
data5_ORD_001124,794.0,60.0,1
data5_ORD_001125,1050.0,330.0,1
data5_ORD_001126,364.0,211.0,1
data5_ORD_001127,904.0,553.0,1
data5_ORD_001128,1360.0,275.0,1
data5_ORD_001129,500.0,580.0,1
data5_ORD_001130,887.0,533.0,1
data5_ORD_001131,2100.0,520.0,1
data5_ORD_001132,664.0,623.0,1
data5_ORD_001133,663.5,413.5,1
data5_ORD_001134,400.0,300.0,1
data5_ORD_001135,725.0,330.0,1
data5_ORD_001136,183.5,310.0,1
data5_ORD_001137,489.0,369.0,1
data5_ORD_001138,2282.0,388.0,1
data5_ORD_001139,669.0,256.0,1
data5_ORD_001140,1254.0,543.0,1
data5_ORD_001141,413.0,236.0,1
data5_ORD_001142,360.0,382.0,1
data5_ORD_001143,2420.0,544.0,1
data5_ORD_001144,423.0,331.0,1
data5_ORD_001145,420.0,323.0,1
data5_ORD_001146,1918.5,532.0,1
data5_ORD_001147,2420.0,550.0,1
data5_ORD_001148,669.0,270.0,1
data5_ORD_001149,734.0,350.0,1
data5_ORD_001150,173.0,313.0,1
data5_ORD_001151,911.5,216.0,1
data5_ORD_001152,919.0,224.0,1
data5_ORD_001153,405.0,360.0,1
data5_ORD_001154,714.0,323.0,1
data5_ORD_001155,451.0,253.0,1
data5_ORD_001156,417.0,599.0,1
data5_ORD_001157,471.0,289.0,1
data5_ORD_001158,430.0,531.0,1
data5_ORD_001159,767.0,343.0,1
data5_ORD_001160,708.0,431.0,1
data5_ORD_001161,406.0,323.0,1
data5_ORD_001162,775.0,565.0,1
data5_ORD_001163,669.0,274.0,1
data5_ORD_001164,350.0,221.0,1
data5_ORD_001165,775.0,530.0,1
data5_ORD_001166,364.0,313.0,1
data5_ORD_001167,413.0,236.0,1
data5_ORD_001168,843.0,541.0,1
data5_ORD_001169,2420.0,550.0,1
data5_ORD_001170,350.0,239.0,1
data5_ORD_001171,1480.0,240.0,1
data5_ORD_001172,263.5,319.0,1
data5_ORD_001173,868.5,360.0,1
data5_ORD_001174,313.0,250.0,1
data5_ORD_001175,1329.0,269.0,1
data5_ORD_001176,337.0,315.0,1
data5_ORD_001177,2340.0,385.0,1
data5_ORD_001178,369.0,336.0,1
data5_ORD_001179,2230.0,544.0,1
data5_ORD_001180,275.0,275.0,1
data5_ORD_001181,562.0,379.0,1
data5_ORD_001182,960.0,570.0,1
data5_ORD_001183,414.0,323.0,1
data5_ORD_001184,1704.0,543.0,1
data5_ORD_001185,1560.0,213.0,1
data5_ORD_001186,2040.0,262.0,1
data5_ORD_001187,420.0,323.0,1
data5_ORD_001188,2310.0,280.0,1
data5_ORD_001189,514.0,355.0,1
data5_ORD_001190,245.5,355.0,1
data5_ORD_001191,2000.0,554.0,1
data5_ORD_001192,178.5,267.0,1
data5_ORD_001193,764.0,382.0,1
data5_ORD_001194,423.0,215.0,1
data5_ORD_001195,964.0,392.0,1
data5_ORD_001196,360.0,382.0,1
data5_ORD_001197,2420.0,550.0,1
data5_ORD_001198,864.0,333.0,1
data5_ORD_001199,864.0,333.0,1
data5_ORD_001200,789.0,543.0,1
data5_ORD_001201,2230.0,544.0,1
data5_ORD_001202,338.0,541.0,1
data5_ORD_001203,1843.5,322.0,1
data5_ORD_001204,2277.0,549.0,1
data5_ORD_001205,528.0,281.0,1
data5_ORD_001206,430.0,531.0,1
data5_ORD_001207,887.0,533.0,1
data5_ORD_001208,415.0,534.0,1
data5_ORD_001209,663.0,280.0,1
data5_ORD_001210,800.0,382.0,1
data5_ORD_001211,213.0,380.0,1
data5_ORD_001212,313.0,250.0,1
data5_ORD_001213,472.0,587.0,1
data5_ORD_001214,337.0,315.0,1
data5_ORD_001215,349.5,542.0,1
data5_ORD_001216,984.0,239.0,1
data5_ORD_001217,714.0,323.0,1
data5_ORD_001218,413.0,236.0,1
data5_ORD_001219,528.0,281.0,1
data5_ORD_001220,379.0,532.0,1
data5_ORD_001221,415.0,321.0,1
data5_ORD_001222,364.0,311.0,1
data5_ORD_001223,434.0,553.0,1
data5_ORD_001224,797.0,275.0,1
data5_ORD_001225,350.0,221.0,1
data5_ORD_001226,1775.0,330.0,1
data5_ORD_001227,2313.0,554.0,1
data5_ORD_001228,564.0,382.0,1
data5_ORD_001229,580.0,382.0,1
data5_ORD_001230,1487.5,314.0,1
data5_ORD_001231,1314.0,323.0,1
data5_ORD_001232,414.0,323.0,1
data5_ORD_001233,405.0,262.0,1
data5_ORD_001234,673.0,937.5,1
data5_ORD_001235,415.0,534.0,1
data5_ORD_001236,900.0,645.0,1
data5_ORD_001237,1284.0,975.0,1
data5_ORD_001238,844.0,339.0,1
data5_ORD_001239,423.0,373.0,1
data5_ORD_001240,232.0,269.0,1
data5_ORD_001241,708.0,431.0,1
data5_ORD_001242,1485.0,314.0,1
data5_ORD_001243,229.0,283.0,1
data5_ORD_001244,151.5,319.0,1
data5_ORD_001245,1050.0,350.0,1
data5_ORD_001246,904.0,553.0,1
data5_ORD_001247,1464.0,325.0,1
data5_ORD_001248,423.0,373.0,1
data5_ORD_001249,1564.0,580.0,1
data5_ORD_001250,873.0,571.0,1
data5_ORD_001251,1746.0,331.0,1
data5_ORD_001252,775.0,560.0,1
data5_ORD_001253,383.7,358.0,1
data5_ORD_001254,588.0,383.0,1
data5_ORD_001255,2290.0,255.0,1
data5_ORD_001256,419.0,321.0,1
data5_ORD_001257,250.0,300.0,1
data5_ORD_001258,475.0,530.0,1
data5_ORD_001259,630.0,643.0,1
data5_ORD_001260,334.0,303.0,1
data5_ORD_001261,481.0,266.0,1
data5_ORD_001262,846.5,288.0,1
data5_ORD_001263,1522.0,332.0,1
data5_ORD_001264,514.0,553.0,1
data5_ORD_001265,1443.0,349.5,1
data5_ORD_001266,1230.0,383.0,1
data5_ORD_001267,770.0,350.0,1
data5_ORD_001268,522.5,546.0,1
data5_ORD_001269,400.0,546.0,1
data5_ORD_001270,423.0,331.0,1
data5_ORD_001271,528.0,281.0,1
data5_ORD_001272,372.0,299.0,1
data5_ORD_001273,1284.0,359.0,1
data5_ORD_001274,693.5,510.0,1
data5_ORD_001275,900.0,625.0,1
data5_ORD_001276,848.5,392.0,1
data5_ORD_001277,1440.0,544.0,1
data5_ORD_001278,315.0,520.0,1
data5_ORD_001279,463.5,322.0,1
data5_ORD_001280,876.0,353.0,1
data5_ORD_001281,975.0,380.0,1
data5_ORD_001282,738.5,340.0,1
data5_ORD_001283,950.0,548.0,1
data5_ORD_001284,864.0,375.0,1
data5_ORD_001285,356.0,341.0,1
data5_ORD_001286,1434.0,433.0,1
data5_ORD_001287,866.0,323.0,1
data5_ORD_001288,312.0,260.0,1
data5_ORD_001289,1834.0,1019.5,1
data5_ORD_001290,969.0,531.0,1
data5_ORD_001291,781.0,541.0,1
data5_ORD_001292,869.0,533.0,1
data5_ORD_001293,1392.0,360.0,1
data5_ORD_001294,245.5,299.0,1
data5_ORD_001295,2310.0,580.0,1
data5_ORD_001296,514.0,211.0,1
data5_ORD_001297,500.0,240.0,1
data5_ORD_001298,420.0,348.0,1
data5_ORD_001299,420.0,269.0,1
data5_ORD_001300,876.0,353.0,1
data5_ORD_001301,160.0,1032.0,1
data5_ORD_001302,1480.0,303.0,1
data5_ORD_001303,334.0,303.0,1
data5_ORD_001304,1104.0,343.0,1
data5_ORD_001305,2346.0,269.0,1
data5_ORD_001306,540.0,440.0,1
data5_ORD_001307,938.0,261.0,1
data5_ORD_001308,804.0,598.0,1
data5_ORD_001309,420.0,269.0,1
data5_ORD_001310,619.0,270.0,1
data5_ORD_001311,422.0,339.0,1
data5_ORD_001312,476.0,323.0,1
data5_ORD_001313,380.0,330.0,1
data5_ORD_001314,364.0,311.0,1
data5_ORD_001315,1746.0,724.5,1
data5_ORD_001316,904.0,553.0,1
data5_ORD_001317,350.0,221.0,1
data5_ORD_001318,457.0,563.0,1
data5_ORD_001319,1232.0,380.0,1
data5_ORD_001320,746.0,315.0,1
data5_ORD_001321,2290.0,225.0,1
data5_ORD_001322,396.0,330.0,1
data5_ORD_001323,428.0,321.0,1
data5_ORD_001324,938.0,279.0,1
data5_ORD_001325,876.0,353.0,1
data5_ORD_001326,422.0,339.0,1
data5_ORD_001327,844.0,339.0,1
data5_ORD_001328,900.0,645.0,1
data5_ORD_001329,232.0,269.0,1
data5_ORD_001330,708.0,433.0,1
data5_ORD_001331,708.0,431.0,1
data5_ORD_001332,403.0,542.0,1
data5_ORD_001333,514.0,211.0,1
data5_ORD_001334,514.0,211.0,1
data5_ORD_001335,370.0,541.0,1
data5_ORD_001336,2415.0,324.0,1
data5_ORD_001337,332.0,345.0,1
data5_ORD_001338,282.0,327.0,1
data5_ORD_001339,669.0,274.0,1
data5_ORD_001340,795.0,359.0,1
data5_ORD_001341,383.0,528.0,1
data5_ORD_001342,750.0,360.0,1
data5_ORD_001343,414.0,349.0,1
data5_ORD_001344,426.0,321.0,1
data5_ORD_001345,1370.0,550.0,1
data5_ORD_001346,925.0,258.0,1
data5_ORD_001347,714.0,323.0,1
data5_ORD_001348,714.0,323.0,1
data5_ORD_001349,451.0,253.0,1
data5_ORD_001350,750.0,550.0,1
data5_ORD_001351,1374.0,393.0,1
data5_ORD_001352,898.5,342.0,1
data5_ORD_001353,2310.0,574.0,1
data5_ORD_001354,2040.0,434.0,1
data5_ORD_001355,1684.0,250.0,1
data5_ORD_001356,1684.0,1166.5,1
data5_ORD_001357,1960.0,544.0,1
data5_ORD_001358,1935.0,680.0,1
data5_ORD_001359,173.0,313.0,1
data5_ORD_001360,2290.0,369.0,1
data5_ORD_001361,2290.0,225.0,1
data5_ORD_001362,2230.0,544.0,1
data5_ORD_001363,865.0,323.0,1
data5_ORD_001364,419.0,321.0,1
data5_ORD_001365,428.0,321.0,1
data5_ORD_001366,710.0,280.0,1
data5_ORD_001367,417.0,599.0,1
data5_ORD_001368,160.0,382.0,1
data5_ORD_001369,904.0,573.0,1
data5_ORD_001370,434.0,573.0,1
data5_ORD_001371,364.0,311.0,1
data5_ORD_001372,380.0,640.0,1
data5_ORD_001373,370.0,559.0,1
data5_ORD_001374,370.0,533.0,1
data5_ORD_001375,246.0,744.0,1
data5_ORD_001376,1114.0,311.0,1
data5_ORD_001377,1200.0,311.0,1
data5_ORD_001378,2000.0,560.0,1
data5_ORD_001379,361.0,530.0,1
data5_ORD_001380,400.0,1200.0,1
data5_ORD_001381,1783.0,60.0,1
data5_ORD_001382,714.0,120.0,1
data5_ORD_001383,776.0,60.0,1
data5_ORD_001384,767.0,60.0,1
data5_ORD_001385,876.0,60.0,1
data5_ORD_001386,434.0,60.0,1
data5_ORD_001387,925.0,110.0,1
data5_ORD_001388,368.0,60.0,1
data5_ORD_001389,220.0,330.0,1
data5_ORD_001390,364.0,311.0,1
data5_ORD_001391,368.0,268.0,1
data5_ORD_001392,457.0,563.0,1
data5_ORD_001393,373.0,359.0,1
data5_ORD_001394,1419.0,561.0,1
data5_ORD_001395,422.0,339.0,1
data5_ORD_001396,173.0,313.0,1
data5_ORD_001397,337.0,315.0,1
data5_ORD_001398,313.5,257.0,1
data5_ORD_001399,2385.0,210.0,1
data5_ORD_001400,775.0,530.0,1
data5_ORD_001401,752.0,340.0,1
data5_ORD_001402,848.5,322.0,1
data5_ORD_001403,864.0,309.0,1
data5_ORD_001404,1199.0,311.0,1
data5_ORD_001405,364.0,211.0,1
data5_ORD_001406,160.0,446.0,1
data5_ORD_001407,797.0,275.0,1
data5_ORD_001408,669.0,268.0,1
data5_ORD_001409,1100.0,275.0,1
data5_ORD_001410,668.0,256.0,1
data5_ORD_001411,350.0,239.0,1
data5_ORD_001412,213.0,1195.5,1
data5_ORD_001413,1230.0,383.0,1
data5_ORD_001414,733.0,330.0,1
data5_ORD_001415,866.0,323.0,1
data5_ORD_001416,714.0,323.0,1
data5_ORD_001417,723.0,321.0,1
data5_ORD_001418,1464.0,405.0,1
data5_ORD_001419,476.0,323.0,1
data5_ORD_001420,1434.5,964.0,1
data5_ORD_001421,955.0,543.0,1
data5_ORD_001422,2415.0,330.0,1
data5_ORD_001423,406.0,323.0,1
data5_ORD_001424,484.0,541.0,1
data5_ORD_001425,725.0,330.0,1
data5_ORD_001426,1258.0,1000.0,1
data5_ORD_001427,250.0,400.0,1
data5_ORD_001428,669.0,349.0,1
data5_ORD_001429,489.0,369.0,1
data5_ORD_001430,899.5,552.0,1
data5_ORD_001431,797.0,275.0,1
data5_ORD_001432,668.0,274.0,1
data5_ORD_001433,350.0,239.0,1
data5_ORD_001434,337.0,315.0,1
data5_ORD_001435,919.0,224.0,1
data5_ORD_001436,822.5,322.0,1
data5_ORD_001437,414.0,323.0,1
data5_ORD_001438,1460.0,265.0,1
data5_ORD_001439,2325.0,680.0,1
data5_ORD_001440,714.0,323.0,1
data5_ORD_001441,887.0,533.0,1
data5_ORD_001442,1283.5,975.5,1
data5_ORD_001443,1284.0,341.0,1
data5_ORD_001444,422.0,339.0,1
data5_ORD_001445,835.5,541.0,1
data5_ORD_001446,1684.0,221.0,1
data5_ORD_001447,1684.0,291.0,1
data5_ORD_001448,514.0,211.0,1
data5_ORD_001449,406.0,323.0,1
data5_ORD_001450,220.0,330.0,1
data5_ORD_001451,1964.0,221.0,1
data5_ORD_001452,920.0,599.0,1
data5_ORD_001453,383.0,528.0,1
data5_ORD_001454,481.0,587.0,1
data5_ORD_001455,337.0,315.0,1
data5_ORD_001456,1164.0,258.0,1
data5_ORD_001457,865.0,323.0,1
data5_ORD_001458,420.0,323.0,1
data5_ORD_001459,2080.0,580.0,1
data5_ORD_001460,1999.0,322.0,1
data5_ORD_001461,975.0,380.0,1
data5_ORD_001462,887.0,533.0,1
data5_ORD_001463,422.0,339.0,1
data5_ORD_001464,423.0,373.0,1
data5_ORD_001465,409.0,541.0,1
data5_ORD_001466,406.0,323.0,1
data5_ORD_001467,450.0,330.0,1
data5_ORD_001468,393.0,551.0,1
data5_ORD_001469,393.0,551.0,1
data5_ORD_001470,797.0,275.0,1
data5_ORD_001471,867.0,379.0,1
data5_ORD_001472,373.0,315.0,1
data5_ORD_001473,222.0,280.0,1
data5_ORD_001474,413.0,236.0,1
data5_ORD_001475,428.0,321.0,1
data5_ORD_001476,975.0,355.0,1
data5_ORD_001477,876.0,353.0,1
data5_ORD_001478,975.0,380.0,1
data5_ORD_001479,1955.0,60.0,1
data5_ORD_001480,1435.0,110.0,1
data5_ORD_001481,1741.0,60.0,1
data5_ORD_001482,150.0,330.0,1
data5_ORD_001483,876.0,60.0,1
data5_ORD_001484,451.0,60.0,1
data5_ORD_001485,964.0,91.0,1
data5_ORD_001486,514.0,60.0,1
data5_ORD_001487,65.0,550.0,1
data5_ORD_001488,919.0,70.0,1
data5_ORD_001489,2324.0,542.0,1
data5_ORD_001490,940.5,548.0,1
data5_ORD_001491,447.5,309.0,1
data5_ORD_001492,864.0,333.0,1
data5_ORD_001493,428.0,321.0,1
data5_ORD_001494,419.0,321.0,1
data5_ORD_001495,710.0,280.0,1
data5_ORD_001496,550.0,290.0,1
data5_ORD_001497,160.0,431.0,1
data5_ORD_001498,553.0,542.0,1
data5_ORD_001499,1443.0,776.5,1
data5_ORD_001500,263.5,169.0,1
data5_ORD_001501,256.9,257.0,1
data5_ORD_001502,2054.0,324.0,1
data5_ORD_001503,866.0,323.0,1
data5_ORD_001504,419.0,321.0,1
data5_ORD_001505,800.0,900.0,1
data5_ORD_001506,1020.0,300.0,1
data5_ORD_001507,887.0,533.0,1
data5_ORD_001508,869.0,533.0,1
data5_ORD_001509,334.0,303.0,1
data5_ORD_001510,195.5,267.0,1
data5_ORD_001511,489.0,369.0,1
data5_ORD_001512,373.0,359.0,1
data5_ORD_001513,1956.0,383.0,1
data5_ORD_001514,588.0,383.0,1
data5_ORD_001515,964.0,392.0,1
data5_ORD_001516,1210.0,725.0,1
data5_ORD_001517,840.5,244.0,1
data5_ORD_001518,2325.0,680.0,1
data5_ORD_001519,713.0,340.0,1
data5_ORD_001520,2320.0,324.0,1
data5_ORD_001521,615.3,392.0,1
data5_ORD_001522,256.8,257.0,1
data5_ORD_001523,464.0,541.0,1
data5_ORD_001524,840.5,244.0,1
data5_ORD_001525,447.5,309.0,1
data5_ORD_001526,1020.0,300.0,1
data5_ORD_001527,932.0,550.0,1
data5_ORD_001528,2040.0,344.0,1
data5_ORD_001529,1164.0,258.0,1
data5_ORD_001530,2054.0,324.0,1
data5_ORD_001531,451.0,253.0,1
data5_ORD_001532,780.0,299.0,1
data5_ORD_001533,876.0,353.0,1
data5_ORD_001534,844.0,339.0,1
data5_ORD_001535,423.0,373.0,1
data5_ORD_001536,1266.0,300.0,1
data5_ORD_001537,2405.0,350.0,1
data5_ORD_001538,399.5,830.5,1
data5_ORD_001539,2180.0,330.0,1
data5_ORD_001540,384.0,553.0,1
data5_ORD_001541,350.0,221.0,1
data5_ORD_001542,797.0,275.0,1
data5_ORD_001543,1196.0,378.0,1
data5_ORD_001544,606.0,210.0,1
data5_ORD_001545,2406.0,316.0,1
data5_ORD_001546,984.0,239.0,1
data5_ORD_001547,1900.0,392.0,1
data5_ORD_001548,938.0,261.0,1
data5_ORD_001549,389.0,531.0,1
data5_ORD_001550,240.0,270.0,1
data5_ORD_001551,750.0,550.0,1
data5_ORD_001552,458.0,623.0,1
data5_ORD_001553,1285.0,344.0,1
data5_ORD_001554,1824.0,543.0,1
data5_ORD_001555,2390.0,284.0,1
data5_ORD_001556,406.0,323.0,1
data5_ORD_001557,1199.5,364.0,1
data5_ORD_001558,645.0,548.0,1
data5_ORD_001559,785.6,378.0,1
data5_ORD_001560,337.0,315.0,1
data5_ORD_001561,725.0,560.0,1
data5_ORD_001562,2000.0,324.0,1
data5_ORD_001563,940.5,548.0,1
data5_ORD_001564,2054.0,324.0,1
data5_ORD_001565,723.0,321.0,1
data5_ORD_001566,710.0,280.0,1
data5_ORD_001567,293.5,252.0,1
data5_ORD_001568,439.0,531.0,1
data5_ORD_001569,1283.5,379.5,1
data5_ORD_001570,476.0,323.0,1
data5_ORD_001571,775.0,530.0,1
data5_ORD_001572,1374.0,393.0,1
data5_ORD_001573,904.0,573.0,1
data5_ORD_001574,833.0,287.0,1
data5_ORD_001575,2385.0,210.0,1
data5_ORD_001576,1684.0,179.0,1
data5_ORD_001577,1946.0,543.0,1
data5_ORD_001578,2179.5,392.0,1
data5_ORD_001579,740.0,533.0,1
data5_ORD_001580,80.0,326.0,1
data5_ORD_001581,580.5,90.0,1
data5_ORD_001582,2194.0,136.0,1
data5_ORD_001583,864.0,70.0,1
data5_ORD_001584,60.0,350.0,1
data5_ORD_001585,60.0,350.0,1
data5_ORD_001586,725.0,330.0,1
data5_ORD_001587,250.0,329.0,1
data5_ORD_001588,1746.0,311.0,1
data5_ORD_001589,724.5,364.0,1
data5_ORD_001590,2415.0,550.0,1
data5_ORD_001591,731.0,301.0,1
data5_ORD_001592,2258.5,542.0,1
data5_ORD_001593,775.0,530.0,1
data5_ORD_001594,432.0,580.0,1
data5_ORD_001595,489.0,369.0,1
data5_ORD_001596,804.0,553.0,1
data5_ORD_001597,1258.0,1000.0,1
data5_ORD_001598,1480.0,240.0,1
data5_ORD_001599,932.0,368.0,1
data5_ORD_001600,392.0,477.0,1
data5_ORD_001601,240.0,270.0,1
data5_ORD_001602,432.0,624.0,1
data5_ORD_001603,360.0,382.0,1
data5_ORD_001604,731.0,301.0,1
data5_ORD_001605,397.0,361.0,1
data5_ORD_001606,229.0,283.0,1
data5_ORD_001607,837.0,309.0,1
data5_ORD_001608,2313.0,554.0,1
data5_ORD_001609,847.0,275.0,1
data5_ORD_001610,312.0,260.0,1
data5_ORD_001611,439.0,531.0,1
data5_ORD_001612,2000.0,534.0,1
data5_ORD_001613,700.0,300.0,1
data5_ORD_001614,700.0,300.0,1
data5_ORD_001615,932.0,550.0,1
data5_ORD_001616,392.0,432.0,1
data5_ORD_001617,767.0,343.0,1
data5_ORD_001618,420.0,348.0,1
data5_ORD_001619,950.0,548.0,1
data5_ORD_001620,775.0,549.0,1
data5_ORD_001621,458.0,548.0,1
data5_ORD_001622,2230.0,382.0,1
data5_ORD_001623,835.5,541.0,1
data5_ORD_001624,334.0,303.0,1
data5_ORD_001625,195.5,267.0,1
data5_ORD_001626,708.0,431.0,1
data5_ORD_001627,625.0,435.0,1
data5_ORD_001628,552.0,625.0,1
data5_ORD_001629,964.0,70.0,1
data5_ORD_001630,654.0,541.0,1
data5_ORD_001631,264.0,394.0,1
data5_ORD_001632,220.0,330.0,1
data5_ORD_001633,2000.0,554.0,1
data5_ORD_001634,669.0,256.0,1
data5_ORD_001635,814.0,359.0,1
data5_ORD_001636,336.0,350.0,1
data5_ORD_001637,1956.0,509.0,1
data5_ORD_001638,982.0,324.0,1
data5_ORD_001639,414.0,323.0,1
data5_ORD_001640,717.5,532.0,1
data5_ORD_001641,619.0,270.0,1
data5_ORD_001642,767.0,343.0,1
data5_ORD_001643,420.0,348.0,1
data5_ORD_001644,476.0,323.0,1
data5_ORD_001645,160.0,430.0,1
data5_ORD_001646,1164.0,511.0,1
data5_ORD_001647,698.0,509.0,1
data5_ORD_001648,980.0,268.0,1
data5_ORD_001649,1013.5,330.0,1
