uid,pid_raw,Fleng,Fwidth
1,data2_1,232.3,250.0
2,data2_2,232.3,250.0
3,data2_3,463.0,439.0
4,data2_4,953.0,439.0
5,data2_5,854.0,543.0
6,data2_6,1898.5,552.0
7,data2_7,750.0,568.0
8,data2_8,944.0,473.0
9,data2_9,2204.0,413.0
10,data2_10,450.0,437.0
11,data2_11,445.0,573.0
12,data2_12,919.0,573.0
13,data2_13,1259.0,580.0
14,data2_14,205.0,589.0
15,data2_15,1858.0,554.0
16,data2_16,790.0,403.0
17,data2_17,580.0,530.0
18,data2_18,1820.0,350.0
19,data2_19,2107.0,725.0
20,data2_20,642.0,311.0
21,data2_21,762.0,530.0
22,data2_22,410.0,300.0
23,data2_23,476.0,423.0
24,data2_24,510.0,554.0
25,data2_25,2348.0,544.0
26,data2_26,494.0,437.0
27,data2_27,528.0,343.0
28,data2_28,886.0,533.0
29,data2_29,886.0,533.0
30,data2_30,464.0,180.0
31,data2_31,1401.5,464.0
32,data2_32,1288.0,533.0
33,data2_33,362.0,371.0
34,data2_34,910.0,553.0
35,data2_35,394.0,603.0
36,data2_36,913.0,551.0
37,data2_37,1214.0,406.0
38,data2_38,377.0,533.0
39,data2_39,378.0,503.0
40,data2_40,839.0,503.0
41,data2_41,514.0,573.0
42,data2_42,600.0,580.0
43,data2_43,782.0,479.0
44,data2_44,414.0,553.0
45,data2_45,873.0,553.0
46,data2_46,414.0,553.0
47,data2_47,1641.0,350.0
48,data2_48,482.0,397.0
49,data2_49,2040.0,554.0
50,data2_50,1812.0,423.0
51,data2_51,439.5,551.0
52,data2_52,1100.0,550.0
53,data2_53,660.0,580.0
54,data2_54,381.0,403.0
55,data2_55,832.0,199.0
56,data2_56,2040.0,534.0
57,data2_57,345.0,543.0
58,data2_58,754.0,539.0
59,data2_59,624.0,346.0
60,data2_60,380.0,1180.0
61,data2_61,468.0,551.0
62,data2_62,826.5,458.5
63,data2_63,898.5,371.8
64,data2_64,353.5,201.5
65,data2_65,557.5,435.0
66,data2_66,468.0,551.0
67,data2_67,199.5,442.0
68,data2_68,364.0,573.0
69,data2_69,782.0,450.0
70,data2_70,793.0,543.0
71,data2_71,186.5,540.0
72,data2_72,836.5,349.0
73,data2_73,970.0,417.0
74,data2_74,509.0,378.0
75,data2_75,944.0,553.0
76,data2_76,1064.0,383.0
77,data2_77,2320.0,683.0
78,data2_78,1100.0,1000.0
79,data2_79,417.0,531.0
80,data2_80,464.0,480.0
81,data2_81,1858.0,554.0
82,data2_82,400.0,523.0
83,data2_83,858.0,553.0
84,data2_84,501.0,202.0
85,data2_85,535.0,553.0
86,data2_86,573.5,441.5
87,data2_87,574.0,336.5
88,data2_88,353.5,201.5
89,data2_89,628.5,458.5
90,data2_90,539.5,483.0
91,data2_91,2076.5,483.0
92,data2_92,539.5,483.0
93,data2_93,2076.5,483.0
94,data2_94,642.5,273.6
95,data2_95,377.0,533.0
96,data2_96,450.0,437.0
97,data2_97,2040.0,544.0
98,data2_98,897.0,419.0
99,data2_99,850.0,430.0
100,data2_100,853.5,428.5
101,data2_101,454.0,553.0
102,data2_102,1655.0,534.0
103,data2_103,2000.0,554.0
104,data2_104,521.0,573.0
105,data2_105,450.0,1128.0
106,data2_106,790.0,551.0
107,data2_107,971.0,543.0
108,data2_108,2405.0,554.0
109,data2_109,2019.0,392.0
110,data2_110,1109.5,251.0
111,data2_111,340.0,554.0
112,data2_112,750.0,568.0
113,data2_113,604.0,341.0
114,data2_114,950.0,397.0
115,data2_115,1264.0,629.0
116,data2_116,529.0,561.0
117,data2_117,919.0,533.0
118,data2_118,2319.0,540.0
119,data2_119,2270.0,380.0
120,data2_120,764.0,358.0
121,data2_121,850.0,553.0
122,data2_122,364.0,573.0
123,data2_123,364.0,573.0
124,data2_124,2315.0,554.0
125,data2_125,2321.0,60.0
126,data2_126,992.0,60.0
127,data2_127,369.0,70.0
128,data2_128,387.0,70.0
129,data2_129,509.0,70.0
130,data2_130,1902.0,60.0
131,data2_131,755.0,60.0
132,data2_132,847.0,70.0
133,data2_133,600.0,68.0
134,data2_134,464.0,70.0
135,data2_135,514.0,573.0
136,data2_136,944.0,533.0
137,data2_137,419.0,423.0
138,data2_138,429.0,363.0
139,data2_139,481.5,572.0
140,data2_140,790.0,403.0
141,data2_141,2380.0,404.0
142,data2_142,580.0,530.0
143,data2_143,1920.0,330.0
144,data2_144,420.0,551.0
145,data2_145,2271.0,562.0
146,data2_146,394.5,559.0
147,data2_147,2000.0,554.0
148,data2_148,864.0,553.0
149,data2_149,503.0,713.5
150,data2_150,722.6,411.0
151,data2_151,450.0,437.0
152,data2_152,857.0,470.0
153,data2_153,895.0,456.0
154,data2_154,410.0,300.0
155,data2_155,213.0,323.5
156,data2_156,2100.0,394.0
157,data2_157,737.0,604.0
158,data2_158,405.0,569.0
159,data2_159,276.0,551.0
160,data2_160,401.3,356.0
161,data2_161,807.0,561.0
162,data2_162,423.0,541.0
163,data2_163,2373.0,524.0
164,data2_164,673.0,359.0
165,data2_165,898.5,371.8
166,data2_166,593.5,385.3
167,data2_167,734.5,441.5
168,data2_168,509.0,70.0
169,data2_169,864.0,130.0
170,data2_170,489.0,60.0
171,data2_171,1144.0,70.0
172,data2_172,550.0,110.0
173,data2_173,426.0,60.0
174,data2_174,919.0,70.0
175,data2_175,1332.0,60.0
176,data2_176,847.0,60.0
177,data2_177,419.0,60.0
178,data2_178,80.0,535.0
179,data2_179,584.0,75.0
180,data2_180,120.0,1180.0
181,data2_181,120.0,1050.0
182,data2_182,764.0,150.0
183,data2_183,454.0,70.0
184,data2_184,844.0,130.0
185,data2_185,2063.0,412.0
186,data2_186,679.0,350.0
187,data2_187,749.0,571.0
188,data2_188,696.0,533.0
189,data2_189,200.0,453.0
190,data2_190,764.0,406.0
191,data2_191,2100.0,550.0
192,data2_192,450.0,394.0
193,data2_193,2420.0,456.0
194,data2_194,2352.0,564.0
195,data2_195,2000.0,554.0
196,data2_196,410.0,554.0
197,data2_197,1020.0,420.0
198,data2_198,528.0,343.0
199,data2_199,450.0,553.0
200,data2_200,799.0,474.0
201,data2_201,543.0,534.0
202,data2_202,850.0,424.0
203,data2_203,300.0,571.0
204,data2_204,419.0,423.0
205,data2_205,2000.0,574.0
206,data2_206,766.0,363.0
207,data2_207,1200.0,1200.0
208,data2_208,543.0,561.0
209,data2_209,450.0,553.0
210,data2_210,1750.0,430.0
211,data2_211,886.0,533.0
212,data2_212,868.0,300.0
213,data2_213,885.0,361.0
214,data2_214,917.0,573.0
215,data2_215,2342.0,574.0
216,data2_216,476.0,60.0
217,data2_217,910.0,60.0
218,data2_218,426.0,60.0
219,data2_219,476.0,60.0
220,data2_220,864.0,130.0
221,data2_221,450.0,60.0
222,data2_222,903.0,70.0
223,data2_223,1248.0,70.0
224,data2_224,464.0,70.0
225,data2_225,1175.0,70.0
226,data2_226,2063.0,554.0
227,data2_227,2417.0,605.0
228,data2_228,700.0,200.0
229,data2_229,725.0,580.0
230,data2_230,434.0,519.0
231,data2_231,434.0,539.0
232,data2_232,535.0,553.0
233,data2_233,2150.0,554.0
234,data2_234,1214.0,406.0
235,data2_235,384.0,519.0
236,data2_236,1369.0,70.0
237,data2_237,874.0,70.0
238,data2_238,383.0,60.0
239,data2_239,123.5,360.0
240,data2_240,836.0,70.0
241,data2_241,1433.0,100.0
242,data2_242,600.0,86.0
243,data2_243,772.0,60.0
244,data2_244,509.0,70.0
245,data2_245,935.0,60.0
246,data2_246,454.0,553.0
247,data2_247,714.0,346.0
248,data2_248,375.0,554.0
249,data2_249,773.0,553.0
250,data2_250,494.0,301.0
251,data2_251,450.0,1124.0
252,data2_252,992.0,553.0
253,data2_253,426.0,423.0
254,data2_254,419.0,423.0
255,data2_255,575.0,424.0
256,data2_256,2200.0,574.0
257,data2_257,725.0,494.0
258,data2_258,2040.0,554.0
259,data2_259,362.0,371.0
260,data2_260,1844.0,553.0
261,data2_261,176.5,441.0
262,data2_262,2395.0,450.0
263,data2_263,2188.5,372.0
264,data2_264,540.0,365.0
265,data2_265,1696.0,543.0
266,data2_266,2279.0,542.0
267,data2_267,414.0,323.0
268,data2_268,432.0,400.0
269,data2_269,813.0,553.0
270,data2_270,913.0,551.0
271,data2_271,762.0,413.0
272,data2_272,176.5,441.0
273,data2_273,772.0,433.0
274,data2_274,535.0,510.0
275,data2_275,537.0,554.0
276,data2_276,944.0,70.0
277,data2_277,1014.0,70.0
278,data2_278,847.0,70.0
279,data2_279,750.0,70.0
280,data2_280,829.0,70.0
281,data2_281,509.0,79.0
282,data2_282,953.0,100.0
283,data2_283,476.0,60.0
284,data2_284,885.0,60.0
285,data2_285,368.0,60.0
286,data2_286,1696.0,543.0
287,data2_287,859.0,553.0
288,data2_288,919.0,533.0
289,data2_289,817.0,523.0
290,data2_290,2000.0,554.0
291,data2_291,864.0,553.0
292,data2_292,944.0,533.0
293,data2_293,1256.5,330.0
294,data2_294,2000.0,554.0
295,data2_295,401.3,348.0
296,data2_296,2020.0,120.0
297,data2_297,969.0,70.0
298,data2_298,910.0,60.0
299,data2_299,1968.0,60.0
300,data2_300,529.0,70.0
301,data2_301,885.0,60.0
302,data2_302,1061.0,60.0
303,data2_303,535.0,70.0
304,data2_304,783.0,70.0
305,data2_305,120.0,900.0
306,data2_306,500.0,574.0
307,data2_307,205.0,360.0
308,data2_308,764.0,553.0
309,data2_309,420.0,551.0
310,data2_310,642.0,311.0
311,data2_311,535.0,553.0
312,data2_312,813.0,553.0
313,data2_313,199.5,364.0
314,data2_314,592.0,365.0
315,data2_315,364.0,573.0
316,data2_316,420.0,450.0
317,data2_317,735.0,561.0
318,data2_318,205.0,560.0
319,data2_319,2321.0,544.0
320,data2_320,734.0,386.0
321,data2_321,447.0,521.0
322,data2_322,2000.0,554.0
323,data2_323,463.0,531.0
324,data2_324,1794.0,553.0
325,data2_325,440.0,1180.0
326,data2_326,850.0,424.0
327,data2_327,750.0,568.0
328,data2_328,2054.0,383.0
329,data2_329,1332.0,346.0
330,data2_330,801.0,363.0
331,data2_331,454.0,553.0
332,data2_332,2000.0,554.0
333,data2_333,722.6,411.0
334,data2_334,476.0,411.0
335,data2_335,885.0,551.0
336,data2_336,528.0,343.0
337,data2_337,368.0,60.0
338,data2_338,509.0,110.0
339,data2_339,528.0,60.0
340,data2_340,2336.0,60.0
341,data2_341,772.0,60.0
342,data2_342,123.5,622.0
343,data2_343,514.0,60.0
344,data2_344,844.0,70.0
345,data2_345,752.0,70.0
346,data2_346,869.0,543.0
347,data2_347,1960.0,554.0
348,data2_348,2398.0,474.0
349,data2_349,426.0,423.0
350,data2_350,1752.0,300.0
351,data2_351,398.0,620.0
352,data2_352,650.0,1081.0
353,data2_353,1958.5,552.0
354,data2_354,464.0,180.0
355,data2_355,847.0,573.0
356,data2_356,1042.5,572.0
357,data2_357,383.0,543.0
358,data2_358,383.0,543.0
359,data2_359,2040.0,569.0
360,data2_360,1094.0,553.0
361,data2_361,2392.0,380.0
362,data2_362,439.5,471.0
363,data2_363,2405.0,450.0
364,data2_364,489.0,511.0
365,data2_365,467.5,533.0
366,data2_366,575.0,424.0
367,data2_367,962.0,450.0
368,data2_368,450.0,394.0
369,data2_369,383.0,543.0
370,data2_370,232.3,790.5
371,data2_371,864.0,553.0
372,data2_372,489.0,380.0
373,data2_373,850.0,430.0
374,data2_374,426.0,423.0
375,data2_375,857.0,470.0
376,data2_376,935.0,533.0
377,data2_377,544.0,559.0
378,data2_378,250.0,240.0
379,data2_379,829.0,553.0
380,data2_380,1447.5,489.0
381,data2_381,357.0,568.0
382,data2_382,808.0,543.0
383,data2_383,762.0,530.0
384,data2_384,874.0,553.0
385,data2_385,874.0,553.0
386,data2_386,419.0,553.0
387,data2_387,773.0,553.0
388,data2_388,847.0,573.0
389,data2_389,847.0,573.0
390,data2_390,798.0,621.0
391,data2_391,1960.0,554.0
392,data2_392,944.0,533.0
393,data2_393,458.5,533.0
394,data2_394,458.5,533.0
395,data2_395,720.0,350.0
396,data2_396,300.0,250.0
397,data2_397,528.0,343.0
398,data2_398,457.0,534.0
399,data2_399,500.0,394.0
400,data2_400,467.5,533.0
401,data2_401,1950.0,694.0
402,data2_402,798.0,601.0
403,data2_403,443.0,541.0
404,data2_404,514.0,573.0
405,data2_405,1061.0,553.0
406,data2_406,748.0,371.0
407,data2_407,2320.0,554.0
408,data2_408,2312.0,560.0
409,data2_409,750.0,568.0
410,data2_410,1100.0,590.0
411,data2_411,276.0,551.0
412,data2_412,2321.0,544.0
413,data2_413,970.0,417.0
414,data2_414,390.0,561.0
415,data2_415,408.0,553.0
416,data2_416,395.0,523.0
417,data2_417,518.0,554.0
418,data2_418,369.0,553.0
419,data2_419,381.0,403.0
420,data2_420,775.0,550.0
421,data2_421,2040.0,530.0
422,data2_422,2040.0,534.0
423,data2_423,464.0,399.0
424,data2_424,790.0,551.0
425,data2_425,910.0,553.0
426,data2_426,764.0,396.0
427,data2_427,514.0,573.0
428,data2_428,1064.0,383.0
429,data2_429,651.5,641.5
430,data2_430,417.0,531.0
431,data2_431,414.0,573.0
432,data2_432,1084.0,553.0
433,data2_433,1558.5,234.0
434,data2_434,514.0,343.0
435,data2_435,474.0,554.0
436,data2_436,642.0,329.0
437,data2_437,1764.0,553.0
438,data2_438,1094.0,553.0
439,data2_439,500.0,437.0
440,data2_440,509.0,378.0
441,data2_441,750.0,568.0
442,data2_442,2260.0,364.0
443,data2_443,801.0,363.0
444,data2_444,2000.0,554.0
445,data2_445,773.0,553.0
446,data2_446,944.0,533.0
447,data2_447,543.0,534.0
448,data2_448,847.0,573.0
449,data2_449,882.0,436.0
450,data2_450,2090.0,534.0
451,data2_451,1812.0,423.0
452,data2_452,426.0,423.0
453,data2_453,897.0,421.0
454,data2_454,720.0,350.0
455,data2_455,418.0,554.0
456,data2_456,452.0,534.0
457,data2_457,885.0,361.0
458,data2_458,510.0,560.0
459,data2_459,450.0,437.0
460,data2_460,450.0,1124.0
461,data2_461,423.0,561.0
462,data2_462,458.5,533.0
463,data2_463,300.0,250.0
464,data2_464,738.0,553.0
465,data2_465,899.0,525.0
466,data2_466,451.0,540.0
467,data2_467,2014.0,572.0
468,data2_468,514.0,393.0
469,data2_469,500.0,574.0
470,data2_470,944.0,533.0
471,data2_471,932.0,642.0
472,data2_472,369.0,553.0
473,data2_473,400.0,523.0
474,data2_474,1061.0,553.0
475,data2_475,2280.0,534.0
476,data2_476,700.0,379.0
477,data2_477,450.0,548.0
478,data2_478,813.0,553.0
479,data2_479,2150.0,554.0
480,data2_480,1200.0,281.0
481,data2_481,904.0,553.0
482,data2_482,764.0,396.0
483,data2_483,349.5,764.0
484,data2_484,232.0,413.0
485,data2_485,2319.0,534.0
486,data2_486,2076.5,483.0
487,data2_487,729.5,367.4
488,data2_488,812.0,417.0
489,data2_489,1898.5,552.0
490,data2_490,2000.0,554.0
491,data2_491,2000.0,554.0
492,data2_492,808.0,543.0
493,data2_493,419.0,553.0
494,data2_494,1863.0,1124.0
495,data2_495,521.0,573.0
496,data2_496,494.0,417.0
497,data2_497,423.0,561.0
498,data2_498,2020.0,350.0
499,data2_499,429.0,363.0
500,data2_500,700.0,550.0
501,data2_501,754.0,539.0
502,data2_502,2379.0,580.0
503,data2_503,880.0,482.0
504,data2_504,200.0,1050.0
505,data2_505,2100.0,550.0
506,data2_506,1179.0,543.0
507,data2_507,869.0,543.0
508,data2_508,900.0,336.0
509,data2_509,1768.0,600.0
510,data2_510,405.0,554.0
511,data2_511,845.0,533.0
512,data2_512,813.0,153.0
513,data2_513,720.0,471.0
514,data2_514,1049.5,764.0
515,data2_515,384.0,519.0
516,data2_516,2319.0,534.0
517,data2_517,861.0,533.0
518,data2_518,2405.0,580.0
519,data2_519,811.0,553.0
520,data2_520,1275.0,350.0
521,data2_521,868.0,553.0
522,data2_522,2000.0,400.0
523,data2_523,1613.0,501.0
524,data2_524,784.0,533.0
525,data2_525,594.0,798.0
526,data2_526,414.0,573.0
527,data2_527,464.0,553.0
528,data2_528,381.0,403.0
529,data2_529,790.0,403.0
530,data2_530,836.0,523.0
531,data2_531,400.0,523.0
532,data2_532,451.0,412.0
533,data2_533,715.0,676.0
534,data2_534,2040.0,554.0
535,data2_535,518.0,554.0
536,data2_536,232.0,413.0
537,data2_537,836.0,543.0
538,data2_538,364.0,553.0
539,data2_539,2315.0,554.0
540,data2_540,450.0,553.0
541,data2_541,858.5,571.0
542,data2_542,913.0,70.0
543,data2_543,429.0,60.0
544,data2_544,551.0,60.0
545,data2_545,1061.0,60.0
546,data2_546,600.0,88.0
547,data2_547,829.0,70.0
548,data2_548,450.0,80.0
549,data2_549,1641.0,94.0
550,data2_550,642.0,70.0
551,data2_551,869.0,70.0
552,data2_552,357.0,70.0
553,data2_553,362.0,371.0
554,data2_554,365.0,542.0
555,data2_555,1200.0,281.0
556,data2_556,394.0,603.0
557,data2_557,447.0,521.0
558,data2_558,377.0,533.0
559,data2_559,1542.0,762.0
560,data2_560,1445.0,300.0
561,data2_561,869.0,543.0
562,data2_562,869.0,543.0
563,data2_563,850.0,553.0
564,data2_564,426.0,60.0
565,data2_565,450.0,80.0
566,data2_566,143.5,455.0
567,data2_567,813.0,70.0
568,data2_568,70.0,300.0
569,data2_569,640.0,560.0
570,data2_570,543.0,504.0
571,data2_571,2279.0,552.0
572,data2_572,2040.0,544.0
573,data2_573,2040.0,544.0
574,data2_574,481.5,572.0
575,data2_575,205.0,560.0
576,data2_576,2090.0,554.0
577,data2_577,790.0,403.0
578,data2_578,434.0,519.0
579,data2_579,474.0,534.0
580,data2_580,432.0,400.0
581,data2_581,1516.0,573.0
582,data2_582,762.0,433.0
583,data2_583,200.0,1050.0
584,data2_584,944.0,439.0
585,data2_585,463.0,531.0
586,data2_586,463.0,531.0
587,data2_587,854.0,543.0
588,data2_588,458.5,533.0
589,data2_589,439.5,551.0
590,data2_590,476.0,411.0
591,data2_591,458.5,533.0
592,data2_592,426.0,423.0
593,data2_593,419.0,423.0
594,data2_594,467.5,533.0
595,data2_595,888.0,343.0
596,data2_596,735.0,577.0
597,data2_597,444.0,523.0
598,data2_598,620.0,574.0
599,data2_599,882.0,553.0
600,data2_600,847.0,573.0
601,data2_601,910.0,553.0
602,data2_602,836.0,543.0
603,data2_603,2312.0,554.0
604,data2_604,445.0,70.0
605,data2_605,431.5,392.0
606,data2_606,440.5,280.0
607,data2_607,1395.5,509.0
608,data2_608,392.3,348.0
609,data2_609,1641.0,373.0
610,data2_610,489.0,281.0
611,data2_611,764.0,358.0
612,data2_612,314.5,507.0
613,data2_613,722.6,411.0
614,data2_614,755.0,300.0
615,data2_615,815.0,630.0
616,data2_616,416.0,553.0
617,data2_617,900.0,357.0
618,data2_618,944.0,553.0
619,data2_619,754.0,539.0
620,data2_620,2000.0,554.0
621,data2_621,944.0,533.0
622,data2_622,458.5,533.0
623,data2_623,897.0,553.0
624,data2_624,2345.0,630.0
625,data2_625,955.0,391.0
626,data2_626,800.0,551.0
627,data2_627,811.5,348.0
628,data2_628,390.0,561.0
629,data2_629,555.5,420.0
630,data2_630,176.5,345.0
631,data2_631,494.0,533.0
632,data2_632,1200.0,1200.0
633,data2_633,350.0,554.0
634,data2_634,474.0,439.0
635,data2_635,764.0,358.0
636,data2_636,774.0,503.0
637,data2_637,800.0,320.0
638,data2_638,1560.0,554.0
639,data2_639,771.0,270.0
640,data2_640,1215.0,563.0
641,data2_641,2319.0,534.0
642,data2_642,489.0,380.0
643,data2_643,850.0,424.0
644,data2_644,2020.0,424.0
645,data2_645,418.0,554.0
646,data2_646,2014.0,572.0
647,data2_647,919.0,573.0
648,data2_648,882.0,540.0
649,data2_649,1084.0,553.0
650,data2_650,2410.0,327.0
651,data2_651,381.0,403.0
652,data2_652,352.0,383.0
653,data2_653,2000.0,723.0
654,data2_654,2040.0,554.0
655,data2_655,250.0,240.0
656,data2_656,324.0,239.0
657,data2_657,1437.0,393.0
658,data2_658,2323.0,544.0
659,data2_659,414.0,553.0
660,data2_660,357.0,568.0
661,data2_661,375.0,566.0
662,data2_662,1094.0,541.0
663,data2_663,509.0,432.0
664,data2_664,1212.0,358.0
665,data2_665,1641.0,279.0
666,data2_666,1655.0,534.0
667,data2_667,175.0,485.0
668,data2_668,1332.0,553.0
669,data2_669,2000.0,394.0
670,data2_670,450.0,553.0
671,data2_671,412.0,553.0
672,data2_672,858.5,573.0
673,data2_673,458.5,533.0
674,data2_674,944.0,533.0
675,data2_675,575.0,424.0
676,data2_676,2405.0,450.0
677,data2_677,2054.0,508.0
678,data2_678,885.0,282.0
679,data2_679,773.0,461.0
680,data2_680,2040.0,534.0
681,data2_681,1200.0,1200.0
682,data2_682,476.0,423.0
683,data2_683,510.0,554.0
684,data2_684,2398.0,458.0
685,data2_685,521.0,1123.0
686,data2_686,1900.0,240.0
687,data2_687,869.0,543.0
688,data2_688,869.0,543.0
689,data2_689,1437.0,393.0
690,data2_690,2350.0,564.0
691,data2_691,358.0,248.0
692,data2_692,861.0,533.0
693,data2_693,750.0,568.0
694,data2_694,500.0,554.0
695,data2_695,764.0,553.0
696,data2_696,850.0,424.0
697,data2_697,2375.0,544.0
698,data2_698,2400.0,554.0
699,data2_699,2400.0,554.0
700,data2_700,1332.0,553.0
701,data2_701,416.0,571.0
702,data2_702,944.0,533.0
703,data2_703,457.0,534.0
704,data2_704,414.0,570.0
705,data2_705,885.0,361.0
706,data2_706,715.0,676.0
707,data2_707,845.0,533.0
708,data2_708,748.0,371.0
709,data2_709,196.0,404.0
710,data2_710,345.0,543.0
711,data2_711,2350.0,550.0
712,data2_712,919.0,533.0
713,data2_713,1984.0,442.0
714,data2_714,380.0,1180.0
715,data2_715,540.0,365.0
716,data2_716,480.0,554.0
717,data2_717,944.0,533.0
718,data2_718,1230.0,1110.0
719,data2_719,850.0,424.0
720,data2_720,2020.0,424.0
721,data2_721,829.0,473.0
722,data2_722,500.0,554.0
723,data2_723,463.0,533.0
724,data2_724,2320.0,554.0
725,data2_725,489.0,541.0
726,data2_726,2040.0,580.0
727,data2_727,2000.0,574.0
728,data2_728,467.5,533.0
729,data2_729,919.0,573.0
730,data2_730,875.0,410.0
731,data2_731,2040.0,530.0
732,data2_732,474.0,554.0
733,data2_733,982.0,464.0
734,data2_734,982.0,418.0
735,data2_735,749.0,571.0
736,data2_736,450.0,553.0
737,data2_737,458.5,533.0
738,data2_738,458.5,533.0
739,data2_739,2090.0,534.0
740,data2_740,426.0,423.0
741,data2_741,1812.0,423.0
742,data2_742,942.0,407.0
743,data2_743,2395.0,450.0
744,data2_744,1902.0,554.0
745,data2_745,868.0,553.0
746,data2_746,2273.5,572.0
747,data2_747,1449.0,553.0
748,data2_748,869.0,543.0
749,data2_749,364.0,553.0
750,data2_750,364.0,573.0
751,data2_751,811.0,553.0
752,data2_752,1264.0,603.0
753,data2_753,873.0,553.0
754,data2_754,405.0,575.0
755,data2_755,446.0,543.0
756,data2_756,1084.0,553.0
757,data2_757,400.0,523.0
758,data2_758,400.0,382.0
759,data2_759,1402.0,418.0
760,data2_760,464.0,399.0
761,data2_761,845.0,533.0
762,data2_762,790.0,551.0
763,data2_763,910.0,553.0
764,data2_764,548.0,423.0
765,data2_765,813.0,553.0
766,data2_766,416.0,553.0
767,data2_767,600.0,580.0
768,data2_768,771.0,270.0
769,data2_769,944.0,553.0
770,data2_770,470.0,422.0
771,data2_771,467.5,533.0
772,data2_772,400.0,580.0
773,data2_773,443.0,436.0
774,data2_774,426.0,423.0
775,data2_775,899.0,525.0
776,data2_776,1812.0,423.0
777,data2_777,407.0,573.0
778,data2_778,1952.0,640.0
779,data2_779,1750.0,430.0
780,data2_780,575.0,424.0
781,data2_781,738.0,553.0
782,data2_782,858.0,553.0
783,data2_783,2100.0,574.0
784,data2_784,620.0,574.0
785,data2_785,414.0,573.0
786,data2_786,830.0,544.0
787,data2_787,696.0,533.0
788,data2_788,1452.0,550.0
789,data2_789,781.0,440.0
790,data2_790,788.0,449.0
791,data2_791,535.0,510.0
792,data2_792,340.0,541.0
793,data2_793,869.0,543.0
794,data2_794,869.0,543.0
795,data2_795,414.0,473.0
796,data2_796,500.0,574.0
797,data2_797,885.0,363.0
798,data2_798,885.0,361.0
799,data2_799,1293.0,573.0
800,data2_800,1100.0,383.0
801,data2_801,1856.0,573.0
802,data2_802,725.0,571.0
803,data2_803,369.0,553.0
804,data2_804,1595.0,534.0
805,data2_805,400.0,523.0
806,data2_806,817.0,523.0
807,data2_807,864.0,553.0
808,data2_808,854.0,543.0
809,data2_809,2053.5,342.0
810,data2_810,160.0,435.0
811,data2_811,500.0,554.0
812,data2_812,1902.0,411.0
813,data2_813,429.0,551.0
814,data2_814,450.0,553.0
815,data2_815,467.5,533.0
816,data2_816,1900.0,554.0
817,data2_817,1214.0,406.0
818,data2_818,1034.0,396.0
819,data2_819,150.5,405.0
820,data2_820,861.0,533.0
821,data2_821,2395.0,450.0
822,data2_822,880.0,560.0
823,data2_823,260.0,385.0
824,data2_824,2076.5,483.0
825,data2_825,1471.5,451.5
826,data2_826,429.0,363.0
827,data2_827,858.0,553.0
828,data2_828,467.5,533.0
829,data2_829,1370.0,330.0
830,data2_830,2280.0,534.0
831,data2_831,2200.0,580.0
832,data2_832,975.0,578.0
833,data2_833,420.0,551.0
834,data2_834,1288.0,533.0
835,data2_835,196.0,404.0
836,data2_836,2280.0,540.0
837,data2_837,845.0,533.0
838,data2_838,853.0,531.0
839,data2_839,2324.0,552.0
840,data2_840,1249.5,405.0
841,data2_841,345.0,543.0
842,data2_842,754.0,539.0
843,data2_843,465.0,511.0
844,data2_844,580.0,544.0
845,data2_845,580.0,544.0
846,data2_846,1560.0,554.0
847,data2_847,446.0,543.0
848,data2_848,1532.0,380.0
849,data2_849,480.0,554.0
850,data2_850,408.0,533.0
851,data2_851,1561.0,570.0
852,data2_852,489.0,380.0
853,data2_853,944.0,533.0
854,data2_854,494.0,301.0
855,data2_855,764.0,553.0
856,data2_856,514.0,343.0
857,data2_857,775.0,1112.0
858,data2_858,580.0,530.0
859,data2_859,2040.0,554.0
860,data2_860,553.0,521.0
861,data2_861,365.0,542.0
862,data2_862,971.0,543.0
863,data2_863,861.0,533.0
864,data2_864,368.0,293.0
865,data2_865,160.0,624.0
866,data2_866,836.5,349.0
867,data2_867,2040.0,544.0
868,data2_868,1794.0,553.0
869,data2_869,494.0,431.0
870,data2_870,935.0,533.0
871,data2_871,494.0,437.0
872,data2_872,528.0,343.0
873,data2_873,2320.0,554.0
874,data2_874,778.5,402.0
875,data2_875,414.0,323.0
876,data2_876,445.0,573.0
877,data2_877,2076.5,483.0
878,data2_878,612.5,481.0
879,data2_879,1320.0,540.0
880,data2_880,1441.0,400.5
881,data2_881,2076.5,483.0
882,data2_882,1061.5,435.0
883,data2_883,539.5,483.0
884,data2_884,826.5,458.5
885,data2_885,750.0,70.0
886,data2_886,474.0,140.0
887,data2_887,350.0,433.0
888,data2_888,762.0,534.0
889,data2_889,762.0,534.0
890,data2_890,2395.0,450.0
891,data2_891,862.0,242.0
892,data2_892,970.0,365.0
893,data2_893,764.0,358.0
894,data2_894,793.0,543.0
895,data2_895,1764.0,553.0
896,data2_896,750.0,568.0
897,data2_897,200.0,424.1
898,data2_898,507.0,412.0
899,data2_899,600.0,529.0
900,data2_900,392.0,540.0
901,data2_901,859.0,553.0
902,data2_902,829.0,553.0
903,data2_903,509.0,432.0
904,data2_904,409.0,347.0
905,data2_905,2020.0,424.0
906,data2_906,801.0,363.0
907,data2_907,452.3,543.0
908,data2_908,2000.0,554.0
909,data2_909,476.0,411.0
910,data2_910,423.0,561.0
911,data2_911,412.0,553.0
912,data2_912,858.5,573.0
913,data2_913,426.0,423.0
914,data2_914,512.0,580.0
915,data2_915,2320.0,364.0
916,data2_916,429.0,363.0
917,data2_917,2000.0,580.0
918,data2_918,200.0,424.1
919,data2_919,392.0,553.0
920,data2_920,509.0,398.0
921,data2_921,2040.0,554.0
922,data2_922,494.0,281.0
923,data2_923,494.0,281.0
924,data2_924,1200.0,1200.0
925,data2_925,953.0,533.0
926,data2_926,2320.0,554.0
927,data2_927,528.0,343.0
928,data2_928,2320.0,350.0
929,data2_929,263.0,699.5
930,data2_930,501.0,438.0
931,data2_931,535.0,553.0
932,data2_932,845.0,533.0
933,data2_933,910.0,553.0
934,data2_934,1071.0,434.0
935,data2_935,1050.0,433.0
936,data2_936,2100.0,550.0
937,data2_937,481.0,541.0
938,data2_938,422.5,542.0
939,data2_939,364.0,573.0
940,data2_940,1034.0,70.0
941,data2_941,953.0,94.0
942,data2_942,888.0,60.0
943,data2_943,407.0,70.0
944,data2_944,1723.0,60.0
945,data2_945,1984.0,60.0
946,data2_946,873.0,70.0
947,data2_947,450.0,80.0
948,data2_948,450.0,80.0
949,data2_949,839.0,70.0
950,data2_950,358.0,248.0
951,data2_951,791.0,269.0
952,data2_952,791.0,269.0
953,data2_953,932.0,451.0
954,data2_954,509.0,398.0
955,data2_955,944.0,553.0
956,data2_956,1448.0,399.0
957,data2_957,932.0,399.0
958,data2_958,817.0,523.0
959,data2_959,817.0,523.0
960,data2_960,859.0,571.0
961,data2_961,543.0,534.0
962,data2_962,944.0,533.0
963,data2_963,847.0,573.0
964,data2_964,628.0,421.0
965,data2_965,2395.0,460.0
966,data2_966,600.0,580.0
967,data2_967,919.0,573.0
968,data2_968,407.0,573.0
969,data2_969,205.0,1084.0
970,data2_970,2342.0,574.0
971,data2_971,518.0,554.0
972,data2_972,394.0,603.0
973,data2_973,1900.0,554.0
974,data2_974,1350.0,385.0
975,data2_975,420.0,385.0
976,data2_976,382.0,365.0
977,data2_977,364.0,573.0
978,data2_978,375.0,566.0
979,data2_979,829.0,553.0
980,data2_980,458.5,533.0
981,data2_981,2000.0,580.0
982,data2_982,919.0,573.0
983,data2_983,2342.0,574.0
984,data2_984,276.0,551.0
985,data2_985,186.5,540.0
986,data2_986,1990.0,430.0
987,data2_987,200.0,435.0
988,data2_988,726.0,531.0
989,data2_989,160.0,380.0
990,data2_990,2395.0,650.0
991,data2_991,913.0,573.0
992,data2_992,913.0,573.0
993,data2_993,413.0,521.0
994,data2_994,1284.0,383.0
995,data2_995,1514.0,543.0
996,data2_996,405.0,554.0
997,data2_997,368.5,380.0
998,data2_998,904.0,553.0
999,data2_999,377.0,533.0
1000,data2_1000,450.0,80.0
1001,data2_1001,874.0,70.0
1002,data2_1002,529.0,100.0
1003,data2_1003,1411.0,70.0
1004,data2_1004,1812.0,70.0
1005,data2_1005,479.0,70.0
1006,data2_1006,844.0,130.0
1007,data2_1007,450.0,80.0
1008,data2_1008,919.0,70.0
1009,data2_1009,847.0,70.0
1010,data2_1010,423.0,541.0
1011,data2_1011,860.0,475.0
1012,data2_1012,596.5,345.0
1013,data2_1013,764.0,463.0
1014,data2_1014,410.0,554.0
1015,data2_1015,419.0,553.0
1016,data2_1016,1064.0,446.0
1017,data2_1017,930.7,543.0
1018,data2_1018,521.0,573.0
1019,data2_1019,2320.0,554.0
1020,data2_1020,2380.0,404.0
1021,data2_1021,420.0,551.0
1022,data2_1022,474.0,554.0
1023,data2_1023,642.0,311.0
1024,data2_1024,1370.0,330.0
1025,data2_1025,845.0,533.0
1026,data2_1026,813.0,553.0
1027,data2_1027,345.0,543.0
1028,data2_1028,345.0,543.0
1029,data2_1029,496.5,441.0
1030,data2_1030,2352.0,564.0
1031,data2_1031,2417.0,336.0
1032,data2_1032,888.0,365.0
1033,data2_1033,2000.0,554.0
1034,data2_1034,2375.0,544.0
1035,data2_1035,850.0,494.0
1036,data2_1036,874.0,553.0
1037,data2_1037,1100.0,456.0
1038,data2_1038,1034.0,573.0
1039,data2_1039,2320.0,560.0
1040,data2_1040,160.0,624.0
1041,data2_1041,2300.0,604.0
1042,data2_1042,2323.0,544.0
1043,data2_1043,514.0,431.0
1044,data2_1044,414.0,553.0
1045,data2_1045,836.0,567.0
1046,data2_1046,2000.0,554.0
1047,data2_1047,618.5,552.0
1048,data2_1048,950.0,509.0
1049,data2_1049,408.0,553.0
1050,data2_1050,514.0,393.0
1051,data2_1051,754.0,304.0
1052,data2_1052,1740.0,574.0
1053,data2_1053,885.0,363.0
1054,data2_1054,642.0,311.0
1055,data2_1055,913.0,551.0
1056,data2_1056,2405.0,554.0
1057,data2_1057,764.0,406.0
1058,data2_1058,764.0,396.0
1059,data2_1059,377.0,533.0
1060,data2_1060,788.0,449.0
1061,data2_1061,1752.0,60.0
1062,data2_1062,944.0,70.0
1063,data2_1063,122.0,335.5
1064,data2_1064,140.0,475.0
1065,data2_1065,120.0,1050.0
1066,data2_1066,463.0,94.0
1067,data2_1067,565.0,70.0
1068,data2_1068,764.0,70.0
1069,data2_1069,2030.0,60.0
1070,data2_1070,464.0,80.0
1071,data2_1071,431.5,360.0
1072,data2_1072,943.5,543.5
1073,data2_1073,416.0,553.0
1074,data2_1074,1107.0,563.0
1075,data2_1075,354.0,561.0
1076,data2_1076,764.0,396.0
1077,data2_1077,377.0,533.0
1078,data2_1078,489.0,380.0
1079,data2_1079,2090.0,534.0
1080,data2_1080,897.0,419.0
1081,data2_1081,458.5,533.0
1082,data2_1082,514.0,393.0
1083,data2_1083,500.0,574.0
1084,data2_1084,458.5,533.0
1085,data2_1085,1286.0,351.0
1086,data2_1086,1284.0,383.0
1087,data2_1087,784.0,383.0
1088,data2_1088,919.0,573.0
1089,data2_1089,975.0,578.0
1090,data2_1090,494.0,561.0
1091,data2_1091,2373.0,524.0
1092,data2_1092,2373.0,524.0
1093,data2_1093,2040.0,560.0
1094,data2_1094,844.0,553.0
1095,data2_1095,854.0,543.0
1096,data2_1096,1550.0,270.0
1097,data2_1097,426.0,423.0
1098,data2_1098,888.0,365.0
1099,data2_1099,419.0,553.0
1100,data2_1100,2348.0,544.0
1101,data2_1101,514.0,573.0
1102,data2_1102,544.0,190.0
1103,data2_1103,332.0,452.0
1104,data2_1104,552.0,432.0
1105,data2_1105,1396.0,451.0
1106,data2_1106,1215.0,563.0
1107,data2_1107,482.0,397.0
1108,data2_1108,408.0,533.0
1109,data2_1109,861.0,533.0
1110,data2_1110,526.0,419.0
1111,data2_1111,2040.0,560.0
1112,data2_1112,242.0,385.0
1113,data2_1113,836.0,543.0
1114,data2_1114,2100.0,550.0
1115,data2_1115,2360.0,554.0
1116,data2_1116,755.0,553.0
1117,data2_1117,514.0,573.0
1118,data2_1118,1128.0,552.0
1119,data2_1119,464.0,391.0
1120,data2_1120,537.0,554.0
1121,data2_1121,720.0,424.0
1122,data2_1122,2150.0,344.0
1123,data2_1123,766.0,363.0
1124,data2_1124,944.0,553.0
1125,data2_1125,1752.0,403.0
1126,data2_1126,1034.0,573.0
1127,data2_1127,2320.0,488.0
1128,data2_1128,575.0,424.0
1129,data2_1129,903.0,553.0
1130,data2_1130,500.0,554.0
1131,data2_1131,775.0,550.0
1132,data2_1132,749.0,571.0
1133,data2_1133,1200.0,942.0
1134,data2_1134,1200.0,942.0
1135,data2_1135,764.0,396.0
1136,data2_1136,408.0,553.0
1137,data2_1137,383.0,540.0
1138,data2_1138,873.0,551.0
1139,data2_1139,340.0,554.0
1140,data2_1140,205.0,604.0
1141,data2_1141,521.0,573.0
1142,data2_1142,521.0,573.0
1143,data2_1143,913.0,573.0
1144,data2_1144,514.0,393.0
1145,data2_1145,467.5,533.0
1146,data2_1146,606.0,430.0
1147,data2_1147,514.0,393.0
1148,data2_1148,543.0,561.0
1149,data2_1149,414.0,323.0
1150,data2_1150,467.5,533.0
1151,data2_1151,2280.0,534.0
1152,data2_1152,458.5,533.0
1153,data2_1153,886.0,533.0
1154,data2_1154,2000.0,422.0
1155,data2_1155,429.0,363.0
1156,data2_1156,620.0,574.0
1157,data2_1157,445.0,573.0
1158,data2_1158,494.0,561.0
1159,data2_1159,381.0,403.0
1160,data2_1160,381.0,403.0
1161,data2_1161,832.0,199.0
1162,data2_1162,932.0,509.0
1163,data2_1163,509.0,378.0
1164,data2_1164,377.0,533.0
1165,data2_1165,395.0,523.0
1166,data2_1166,944.0,553.0
1167,data2_1167,159.5,410.0
1168,data2_1168,494.0,301.0
1169,data2_1169,930.7,543.0
1170,data2_1170,450.0,1124.0
1171,data2_1171,443.0,494.0
1172,data2_1172,481.5,572.0
1173,data2_1173,445.0,573.0
1174,data2_1174,2000.0,574.0
1175,data2_1175,2342.0,574.0
1176,data2_1176,414.0,573.0
1177,data2_1177,369.0,553.0
1178,data2_1178,919.0,234.0
1179,data2_1179,715.0,676.0
1180,data2_1180,394.0,603.0
1181,data2_1181,2319.0,534.0
1182,data2_1182,1523.0,552.0
1183,data2_1183,518.0,573.0
1184,data2_1184,720.0,424.0
1185,data2_1185,766.0,363.0
1186,data2_1186,500.0,554.0
1187,data2_1187,801.0,363.0
1188,data2_1188,175.0,485.0
1189,data2_1189,463.0,533.0
1190,data2_1190,458.5,533.0
1191,data2_1191,2090.0,534.0
1192,data2_1192,449.5,789.5
1193,data2_1193,1920.0,350.0
1194,data2_1194,179.5,726.0
1195,data2_1195,642.0,311.0
1196,data2_1196,2150.0,554.0
1197,data2_1197,1000.0,534.0
1198,data2_1198,813.0,553.0
1199,data2_1199,394.0,603.0
1200,data2_1200,529.0,561.0
1201,data2_1201,1200.0,281.0
1202,data2_1202,500.0,382.0
1203,data2_1203,409.5,494.0
1204,data2_1204,2000.0,554.0
1205,data2_1205,494.0,281.0
1206,data2_1206,801.0,363.0
1207,data2_1207,874.0,473.0
1208,data2_1208,474.0,439.0
1209,data2_1209,514.0,393.0
1210,data2_1210,735.0,543.0
1211,data2_1211,992.0,553.0
1212,data2_1212,1938.0,1144.0
1213,data2_1213,412.0,553.0
1214,data2_1214,458.5,533.0
1215,data2_1215,543.0,534.0
1216,data2_1216,1902.0,526.0
1217,data2_1217,2040.0,580.0
1218,data2_1218,836.0,523.0
1219,data2_1219,858.0,553.0
1220,data2_1220,1950.0,450.0
1221,data2_1221,784.0,383.0
1222,data2_1222,917.0,573.0
1223,data2_1223,628.5,458.5
1224,data2_1224,826.5,458.5
1225,data2_1225,898.5,371.8
1226,data2_1226,612.5,481.0
1227,data2_1227,651.5,443.5
1228,data2_1228,812.0,417.0
1229,data2_1229,729.5,367.4
1230,data2_1230,612.5,481.0
1231,data2_1231,653.5,385.3
1232,data2_1232,543.0,534.0
1233,data2_1233,1750.0,430.0
1234,data2_1234,1902.0,526.0
1235,data2_1235,735.0,577.0
1236,data2_1236,364.0,343.0
1237,data2_1237,784.0,383.0
1238,data2_1238,2000.0,574.0
1239,data2_1239,2040.0,554.0
1240,data2_1240,535.0,553.0
1241,data2_1241,1061.0,553.0
1242,data2_1242,1539.0,540.0
1243,data2_1243,368.0,433.0
1244,data2_1244,880.0,580.0
1245,data2_1245,764.0,358.0
1246,data2_1246,714.0,358.0
1247,data2_1247,539.5,483.0
1248,data2_1248,612.5,508.5
1249,data2_1249,2076.5,483.0
1250,data2_1250,653.5,385.3
1251,data2_1251,729.5,426.5
1252,data2_1252,494.0,431.0
1253,data2_1253,500.0,437.0
1254,data2_1254,829.0,553.0
1255,data2_1255,801.0,363.0
1256,data2_1256,1752.0,403.0
1257,data2_1257,476.0,423.0
1258,data2_1258,460.8,540.0
1259,data2_1259,452.3,543.0
1260,data2_1260,416.0,571.0
1261,data2_1261,2090.0,534.0
1262,data2_1262,500.0,422.0
1263,data2_1263,706.5,542.0
1264,data2_1264,580.0,530.0
1265,data2_1265,182.0,433.0
1266,data2_1266,880.0,300.0
1267,data2_1267,200.0,900.0
1268,data2_1268,2040.0,544.0
1269,data2_1269,205.0,360.0
1270,data2_1270,394.5,559.0
1271,data2_1271,807.0,561.0
1272,data2_1272,2040.0,554.0
1273,data2_1273,1543.5,426.5
1274,data2_1274,551.5,508.5
1275,data2_1275,1061.5,435.0
1276,data2_1276,854.0,70.0
1277,data2_1277,1370.0,70.0
1278,data2_1278,748.0,71.0
1279,data2_1279,592.0,105.0
1280,data2_1280,364.0,60.0
1281,data2_1281,955.0,70.0
1282,data2_1282,463.0,100.0
1283,data2_1283,2300.0,610.0
1284,data2_1284,507.0,412.0
1285,data2_1285,1361.0,623.0
1286,data2_1286,535.0,510.0
1287,data2_1287,562.0,579.0
1288,data2_1288,324.0,239.0
1289,data2_1289,737.0,604.0
1290,data2_1290,1448.0,399.0
1291,data2_1291,426.0,421.0
1292,data2_1292,753.5,422.0
1293,data2_1293,539.5,483.0
1294,data2_1294,177.0,507.0
1295,data2_1295,539.5,483.0
1296,data2_1296,426.0,60.0
1297,data2_1297,774.0,70.0
1298,data2_1298,514.0,60.0
1299,data2_1299,1332.0,60.0
1300,data2_1300,450.0,80.0
1301,data2_1301,412.0,60.0
1302,data2_1302,847.0,70.0
1303,data2_1303,1950.0,250.0
1304,data2_1304,2093.0,200.0
1305,data2_1305,2342.0,574.0
1306,data2_1306,580.0,530.0
1307,data2_1307,2364.0,432.0
1308,data2_1308,845.0,533.0
1309,data2_1309,1000.0,534.0
1310,data2_1310,2319.0,540.0
1311,data2_1311,1445.0,300.0
1312,data2_1312,1900.0,240.0
1313,data2_1313,458.5,533.0
1314,data2_1314,426.0,423.0
1315,data2_1315,766.0,363.0
1316,data2_1316,883.5,412.0
1317,data2_1317,401.5,541.0
1318,data2_1318,1200.0,1200.0
1319,data2_1319,419.0,553.0
1320,data2_1320,913.0,573.0
1321,data2_1321,419.0,423.0
1322,data2_1322,418.0,554.0
1323,data2_1323,1082.0,70.0
1324,data2_1324,858.5,70.0
1325,data2_1325,738.0,70.0
1326,data2_1326,414.0,60.0
1327,data2_1327,813.0,70.0
1328,data2_1328,394.0,60.0
1329,data2_1329,1500.0,60.0
1330,data2_1330,120.0,900.0
1331,data2_1331,869.0,70.0
1332,data2_1332,845.0,70.0
1333,data2_1333,439.5,551.0
1334,data2_1334,314.5,507.0
1335,data2_1335,2260.0,364.0
1336,data2_1336,450.0,437.0
1337,data2_1337,900.0,357.0
1338,data2_1338,1532.0,380.0
1339,data2_1339,489.0,511.0
1340,data2_1340,850.0,300.0
1341,data2_1341,410.0,554.0
1342,data2_1342,867.0,401.0
1343,data2_1343,260.0,125.0
1344,data2_1344,450.0,80.0
1345,data2_1345,450.0,80.0
1346,data2_1346,905.0,60.0
1347,data2_1347,584.0,75.0
1348,data2_1348,364.0,60.0
1349,data2_1349,450.0,80.0
1350,data2_1350,489.0,60.0
1351,data2_1351,533.0,100.0
1352,data2_1352,551.0,70.0
1353,data2_1353,1634.0,60.0
1354,data2_1354,882.0,365.0
1355,data2_1355,882.0,365.0
1356,data2_1356,1980.0,574.0
1357,data2_1357,2315.0,554.0
1358,data2_1358,1898.5,552.0
1359,data2_1359,919.0,543.0
1360,data2_1360,791.0,269.0
1361,data2_1361,1396.0,451.0
1362,data2_1362,431.5,509.0
1363,data2_1363,480.0,554.0
1364,data2_1364,2100.0,574.0
1365,data2_1365,1286.0,351.0
1366,data2_1366,784.0,383.0
1367,data2_1367,445.0,573.0
1368,data2_1368,1100.0,1000.0
1369,data2_1369,443.0,541.0
1370,data2_1370,514.0,343.0
1371,data2_1371,858.0,553.0
1372,data2_1372,715.0,676.0
1373,data2_1373,368.0,293.0
1374,data2_1374,120.0,1050.0
1375,data2_1375,917.0,70.0
1376,data2_1376,1984.0,60.0
1377,data2_1377,419.0,60.0
1378,data2_1378,551.0,100.0
1379,data2_1379,464.0,70.0
1380,data2_1380,748.0,71.0
1381,data2_1381,748.0,71.0
1382,data2_1382,873.0,70.0
1383,data2_1383,489.0,70.0
1384,data2_1384,175.0,1064.0
1385,data2_1385,2000.0,554.0
1386,data2_1386,904.0,541.0
1387,data2_1387,1750.0,430.0
1388,data2_1388,2417.0,605.0
1389,data2_1389,2410.0,570.0
1390,data2_1390,784.0,533.0
1391,data2_1391,971.0,553.0
1392,data2_1392,2364.0,381.0
1393,data2_1393,368.0,293.0
1394,data2_1394,120.0,1180.0
1395,data2_1395,1983.5,120.0
1396,data2_1396,866.0,60.0
1397,data2_1397,426.0,60.0
1398,data2_1398,935.0,70.0
1399,data2_1399,847.0,70.0
1400,data2_1400,847.0,60.0
1401,data2_1401,1264.0,100.0
1402,data2_1402,1603.0,60.0
1403,data2_1403,850.0,120.0
1404,data2_1404,944.0,553.0
1405,data2_1405,426.0,423.0
1406,data2_1406,1332.0,346.0
1407,data2_1407,429.0,344.0
1408,data2_1408,808.0,543.0
1409,data2_1409,395.0,534.0
1410,data2_1410,494.0,281.0
1411,data2_1411,766.0,363.0
1412,data2_1412,510.0,554.0
1413,data2_1413,868.0,533.0
1414,data2_1414,845.0,533.0
1415,data2_1415,861.0,533.0
1416,data2_1416,861.0,533.0
1417,data2_1417,200.0,900.0
1418,data2_1418,2312.0,554.0
1419,data2_1419,782.0,450.0
1420,data2_1420,700.0,554.0
1421,data2_1421,791.0,269.0
1422,data2_1422,771.0,270.0
1423,data2_1423,932.0,399.0
1424,data2_1424,413.0,521.0
1425,data2_1425,715.0,676.0
1426,data2_1426,700.0,554.0
1427,data2_1427,196.0,404.0
1428,data2_1428,2142.0,407.0
1429,data2_1429,182.0,433.0
1430,data2_1430,783.0,503.0
1431,data2_1431,481.0,511.0
1432,data2_1432,753.0,558.0
1433,data2_1433,267.0,250.0
1434,data2_1434,454.0,553.0
1435,data2_1435,673.0,341.0
1436,data2_1436,494.0,301.0
1437,data2_1437,930.7,543.0
1438,data2_1438,543.0,534.0
1439,data2_1439,2090.0,534.0
1440,data2_1440,1652.0,735.0
1441,data2_1441,429.0,363.0
1442,data2_1442,1950.0,697.0
1443,data2_1443,2000.0,574.0
1444,data2_1444,420.0,551.0
1445,data2_1445,832.0,464.0
1446,data2_1446,642.0,311.0
1447,data2_1447,362.0,371.0
1448,data2_1448,971.0,543.0
1449,data2_1449,696.0,533.0
1450,data2_1450,1346.0,342.0
1451,data2_1451,2100.0,550.0
1452,data2_1452,869.0,543.0
1453,data2_1453,811.0,553.0
1454,data2_1454,1863.0,1124.0
1455,data2_1455,868.0,553.0
1456,data2_1456,514.0,393.0
1457,data2_1457,514.0,343.0
1458,data2_1458,836.0,523.0
1459,data2_1459,1764.0,540.0
1460,data2_1460,180.0,550.0
1461,data2_1461,368.5,380.0
1462,data2_1462,830.0,544.0
1463,data2_1463,861.0,533.0
1464,data2_1464,1332.0,888.0
1465,data2_1465,722.8,411.0
1466,data2_1466,2375.0,544.0
1467,data2_1467,2000.0,554.0
1468,data2_1468,874.0,553.0
1469,data2_1469,874.0,553.0
1470,data2_1470,452.3,543.0
1471,data2_1471,452.3,543.0
1472,data2_1472,528.0,343.0
1473,data2_1473,342.5,328.0
1474,data2_1474,1640.5,549.5
1475,data2_1475,392.3,356.0
1476,data2_1476,454.0,553.0
1477,data2_1477,673.0,379.0
1478,data2_1478,1980.0,554.0
1479,data2_1479,357.0,568.0
1480,data2_1480,494.0,431.0
1481,data2_1481,1332.0,346.0
1482,data2_1482,773.0,553.0
1483,data2_1483,156.5,445.0
1484,data2_1484,2350.0,424.0
1485,data2_1485,1902.0,554.0
1486,data2_1486,2040.0,540.0
1487,data2_1487,420.0,551.0
1488,data2_1488,500.0,574.0
1489,data2_1489,843.0,391.0
1490,data2_1490,1333.5,463.5
1491,data2_1491,845.0,533.0
1492,data2_1492,1200.0,942.0
1493,data2_1493,830.0,544.0
1494,data2_1494,600.0,580.0
1495,data2_1495,357.0,566.0
1496,data2_1496,232.4,790.5
1497,data2_1497,509.0,378.0
1498,data2_1498,2040.0,554.0
1499,data2_1499,1846.5,532.0
1500,data2_1500,375.0,554.0
1501,data2_1501,1490.0,365.0
1502,data2_1502,450.0,437.0
1503,data2_1503,722.8,411.0
1504,data2_1504,2100.0,550.0
1505,data2_1505,774.0,543.0
1506,data2_1506,2040.0,569.0
1507,data2_1507,2269.0,562.0
1508,data2_1508,829.0,553.0
1509,data2_1509,232.3,790.5
1510,data2_1510,944.0,473.0
1511,data2_1511,450.0,437.0
1512,data2_1512,518.0,573.0
1513,data2_1513,1256.5,330.0
1514,data2_1514,1952.0,640.0
1515,data2_1515,2000.0,574.0
1516,data2_1516,2000.0,574.0
1517,data2_1517,1740.0,574.0
1518,data2_1518,620.0,574.0
1519,data2_1519,944.0,533.0
1520,data2_1520,458.5,533.0
1521,data2_1521,407.0,573.0
1522,data2_1522,913.0,541.0
1523,data2_1523,790.0,403.0
1524,data2_1524,429.0,551.0
1525,data2_1525,458.5,533.0
1526,data2_1526,942.0,407.0
1527,data2_1527,1950.0,694.0
1528,data2_1528,2295.0,683.0
1529,data2_1529,2342.0,574.0
1530,data2_1530,443.0,541.0
1531,data2_1531,2090.0,554.0
1532,data2_1532,364.0,343.0
1533,data2_1533,1764.0,540.0
1534,data2_1534,494.0,533.0
1535,data2_1535,500.0,382.0
1536,data2_1536,2319.0,552.0
1537,data2_1537,2320.0,364.0
1538,data2_1538,458.5,533.0
1539,data2_1539,932.0,330.0
1540,data2_1540,205.0,360.0
1541,data2_1541,1374.0,543.0
1542,data2_1542,775.0,550.0
1543,data2_1543,775.0,550.0
1544,data2_1544,982.0,418.0
1545,data2_1545,2090.0,554.0
1546,data2_1546,345.0,543.0
1547,data2_1547,408.0,553.0
1548,data2_1548,2270.0,380.0
1549,data2_1549,970.0,359.0
1550,data2_1550,464.0,391.0
1551,data2_1551,205.0,1094.0
1552,data2_1552,2000.0,554.0
1553,data2_1553,276.0,551.0
1554,data2_1554,725.0,524.0
1555,data2_1555,700.0,379.0
1556,data2_1556,748.0,371.0
1557,data2_1557,1000.0,534.0
1558,data2_1558,861.0,533.0
1559,data2_1559,880.0,580.0
1560,data2_1560,714.0,366.0
1561,data2_1561,392.0,553.0
1562,data2_1562,2100.0,394.0
1563,data2_1563,420.0,514.0
1564,data2_1564,414.0,511.0
1565,data2_1565,2063.0,540.0
1566,data2_1566,1516.0,573.0
1567,data2_1567,276.0,551.0
1568,data2_1568,618.5,552.0
1569,data2_1569,450.0,430.0
1570,data2_1570,696.0,533.0
1571,data2_1571,764.0,396.0
1572,data2_1572,726.0,531.0
1573,data2_1573,368.0,293.0
1574,data2_1574,518.0,573.0
1575,data2_1575,935.0,533.0
1576,data2_1576,350.0,554.0
1577,data2_1577,521.0,1123.0
1578,data2_1578,1159.5,364.0
1579,data2_1579,1293.0,573.0
1580,data2_1580,458.5,533.0
1581,data2_1581,2020.0,350.0
1582,data2_1582,847.0,573.0
1583,data2_1583,1084.0,541.0
1584,data2_1584,423.0,130.0
1585,data2_1585,2204.0,60.0
1586,data2_1586,773.0,70.0
1587,data2_1587,1902.0,60.0
1588,data2_1588,859.0,70.0
1589,data2_1589,1129.0,70.0
1590,data2_1590,1500.0,60.0
1591,data2_1591,100.0,764.0
1592,data2_1592,509.0,110.0
1593,data2_1593,944.0,100.0
1594,data2_1594,2040.0,569.0
1595,data2_1595,509.0,432.0
1596,data2_1596,850.0,424.0
1597,data2_1597,465.0,575.0
1598,data2_1598,537.0,554.0
1599,data2_1599,944.0,553.0
1600,data2_1600,2040.0,540.0
1601,data2_1601,773.0,553.0
1602,data2_1602,1150.0,320.0
1603,data2_1603,410.0,554.0
1604,data2_1604,437.5,433.5
1605,data2_1605,1346.0,361.0
1606,data2_1606,2090.0,554.0
1607,data2_1607,394.0,603.0
1608,data2_1608,2319.0,534.0
1609,data2_1609,1579.5,563.5
1610,data2_1610,535.0,510.0
1611,data2_1611,543.0,504.0
1612,data2_1612,2312.0,554.0
1613,data2_1613,364.0,573.0
1614,data2_1614,381.0,403.0
1615,data2_1615,464.0,180.0
1616,data2_1616,762.0,570.0
1617,data2_1617,1539.0,540.0
1618,data2_1618,564.0,279.0
1619,data2_1619,764.0,358.0
1620,data2_1620,628.5,458.5
1621,data2_1621,2016.0,458.5
1622,data2_1622,734.5,441.5
1623,data2_1623,390.0,413.5
1624,data2_1624,392.0,553.0
1625,data2_1625,2321.0,544.0
1626,data2_1626,919.0,543.0
1627,data2_1627,401.3,356.0
1628,data2_1628,2000.0,554.0
1629,data2_1629,673.0,379.0
1630,data2_1630,2020.0,424.0
1631,data2_1631,426.0,423.0
1632,data2_1632,793.5,462.0
1633,data2_1633,494.0,281.0
1634,data2_1634,2076.5,483.0
1635,data2_1635,653.5,385.3
1636,data2_1636,896.0,497.5
1637,data2_1637,539.5,483.0
1638,data2_1638,2016.0,458.5
1639,data2_1639,574.0,336.5
1640,data2_1640,573.5,441.5
1641,data2_1641,888.0,60.0
1642,data2_1642,521.0,70.0
1643,data2_1643,429.0,60.0
1644,data2_1644,2040.0,590.0
1645,data2_1645,589.0,341.0
1646,data2_1646,1200.0,942.0
1647,data2_1647,1990.0,430.0
1648,data2_1648,1264.0,603.0
1649,data2_1649,913.0,650.0
1650,data2_1650,680.5,385.0
1651,data2_1651,781.0,440.0
1652,data2_1652,873.0,551.0
1653,data2_1653,829.0,553.0
1654,data2_1654,2040.0,422.0
1655,data2_1655,766.0,363.0
1656,data2_1656,420.0,399.0
1657,data2_1657,469.9,542.0
1658,data2_1658,2320.0,554.0
1659,data2_1659,489.0,541.0
1660,data2_1660,992.0,553.0
1661,data2_1661,412.0,553.0
1662,data2_1662,847.0,573.0
1663,data2_1663,478.5,422.0
1664,data2_1664,263.5,230.0
1665,data2_1665,419.0,553.0
1666,data2_1666,474.0,439.0
1667,data2_1667,2320.0,350.0
1668,data2_1668,944.0,533.0
1669,data2_1669,578.5,400.0
1670,data2_1670,899.0,525.0
1671,data2_1671,886.0,533.0
1672,data2_1672,2342.0,574.0
1673,data2_1673,414.0,573.0
1674,data2_1674,548.0,423.0
1675,data2_1675,535.0,60.0
1676,data2_1676,132.0,535.0
1677,data2_1677,70.0,300.0
1678,data2_1678,864.0,70.0
1679,data2_1679,944.0,70.0
1680,data2_1680,847.0,60.0
1681,data2_1681,407.0,60.0
1682,data2_1682,858.5,70.0
1683,data2_1683,910.0,80.0
1684,data2_1684,944.0,94.0
1685,data2_1685,1094.0,553.0
1686,data2_1686,394.0,533.0
1687,data2_1687,450.0,437.0
1688,data2_1688,470.0,560.0
1689,data2_1689,537.0,554.0
1690,data2_1690,944.0,553.0
1691,data2_1691,454.0,553.0
1692,data2_1692,773.0,473.0
1693,data2_1693,798.0,601.0
1694,data2_1694,450.0,1124.0
1695,data2_1695,735.0,579.0
1696,data2_1696,858.0,553.0
1697,data2_1697,458.5,533.0
1698,data2_1698,1100.0,383.0
1699,data2_1699,2320.0,677.0
1700,data2_1700,609.5,414.0
1701,data2_1701,790.0,403.0
1702,data2_1702,1820.0,350.0
1703,data2_1703,420.0,551.0
1704,data2_1704,845.0,533.0
1705,data2_1705,766.0,363.0
1706,data2_1706,167.0,476.0
1707,data2_1707,494.0,533.0
1708,data2_1708,407.0,573.0
1709,data2_1709,543.0,534.0
1710,data2_1710,426.0,423.0
1711,data2_1711,513.5,310.0
1712,data2_1712,903.0,553.0
1713,data2_1713,735.0,580.0
1714,data2_1714,429.0,363.0
1715,data2_1715,830.0,544.0
1716,data2_1716,2405.0,554.0
1717,data2_1717,345.0,543.0
1718,data2_1718,408.0,553.0
1719,data2_1719,2395.0,450.0
1720,data2_1720,500.0,380.0
1721,data2_1721,729.5,646.0
1722,data2_1722,898.5,371.8
1723,data2_1723,612.5,481.0
1724,data2_1724,653.5,385.3
1725,data2_1725,971.0,543.0
1726,data2_1726,2405.0,560.0
1727,data2_1727,782.0,541.0
1728,data2_1728,2040.0,575.0
1729,data2_1729,205.0,560.0
1730,data2_1730,932.0,489.0
1731,data2_1731,395.0,523.0
1732,data2_1732,470.0,554.0
1733,data2_1733,1905.0,574.0
1734,data2_1734,357.0,568.0
1735,data2_1735,476.0,60.0
1736,data2_1736,479.0,70.0
1737,data2_1737,1000.0,99.0
1738,data2_1738,847.0,60.0
1739,data2_1739,847.0,60.0
1740,data2_1740,1486.0,70.0
1741,data2_1741,426.0,60.0
1742,data2_1742,764.0,70.0
1743,data2_1743,2313.0,70.0
1744,data2_1744,394.0,60.0
1745,data2_1745,521.0,573.0
1746,data2_1746,858.5,571.0
1747,data2_1747,1983.5,304.0
1748,data2_1748,418.0,526.0
1749,data2_1749,886.0,533.0
1750,data2_1750,868.0,553.0
1751,data2_1751,932.0,330.0
1752,data2_1752,300.0,380.0
1753,data2_1753,700.0,560.0
1754,data2_1754,414.0,323.0
1755,data2_1755,2200.0,580.0
1756,data2_1756,548.0,411.0
1757,data2_1757,1595.0,534.0
1758,data2_1758,813.0,553.0
1759,data2_1759,518.0,554.0
1760,data2_1760,904.0,553.0
1761,data2_1761,350.0,415.0
1762,data2_1762,582.0,299.0
1763,data2_1763,869.0,543.0
1764,data2_1764,272.0,778.0
1765,data2_1765,858.0,553.0
1766,data2_1766,2280.0,534.0
1767,data2_1767,725.0,882.0
1768,data2_1768,518.0,554.0
1769,data2_1769,775.0,463.0
1770,data2_1770,845.0,533.0
1771,data2_1771,417.0,531.0
1772,data2_1772,276.0,551.0
1773,data2_1773,696.0,533.0
1774,data2_1774,518.0,554.0
1775,data2_1775,539.5,483.0
1776,data2_1776,390.0,413.5
1777,data2_1777,593.5,385.3
1778,data2_1778,612.5,508.5
1779,data2_1779,2076.5,483.0
1780,data2_1780,2076.5,483.0
1781,data2_1781,729.5,646.0
1782,data2_1782,539.5,483.0
1783,data2_1783,628.5,458.5
1784,data2_1784,1252.0,70.0
1785,data2_1785,1980.0,554.0
1786,data2_1786,340.0,560.0
1787,data2_1787,1107.0,563.0
1788,data2_1788,844.0,553.0
1789,data2_1789,458.5,533.0
1790,data2_1790,885.0,294.0
1791,data2_1791,808.0,543.0
1792,data2_1792,410.0,554.0
1793,data2_1793,766.0,363.0
1794,data2_1794,2000.0,554.0
1795,data2_1795,1920.0,330.0
1796,data2_1796,451.0,554.0
1797,data2_1797,464.0,399.0
1798,data2_1798,535.0,553.0
1799,data2_1799,700.0,379.0
1800,data2_1800,417.0,531.0
1801,data2_1801,1264.0,629.0
1802,data2_1802,764.0,406.0
1803,data2_1803,582.0,299.0
1804,data2_1804,624.0,346.0
1805,data2_1805,971.0,553.0
1806,data2_1806,764.0,463.0
1807,data2_1807,808.0,543.0
1808,data2_1808,1149.5,494.0
1809,data2_1809,521.0,1123.0
1810,data2_1810,1735.0,573.0
1811,data2_1811,944.0,533.0
1812,data2_1812,2090.0,534.0
1813,data2_1813,452.0,534.0
1814,data2_1814,913.0,573.0
1815,data2_1815,416.0,573.0
1816,data2_1816,500.0,574.0
1817,data2_1817,897.0,70.0
1818,data2_1818,766.0,73.0
1819,data2_1819,426.0,60.0
1820,data2_1820,414.0,60.0
1821,data2_1821,910.0,60.0
1822,data2_1822,450.0,80.0
1823,data2_1823,407.0,60.0
1824,data2_1824,918.0,70.0
1825,data2_1825,450.0,60.0
1826,data2_1826,416.0,70.0
1827,data2_1827,400.0,382.0
1828,data2_1828,1128.0,373.0
1829,data2_1829,232.0,413.0
1830,data2_1830,345.0,543.0
1831,data2_1831,556.0,175.0
1832,data2_1832,1361.0,623.0
1833,data2_1833,714.0,364.0
1834,data2_1834,869.0,543.0
1835,data2_1835,300.0,778.0
1836,data2_1836,405.0,569.0
1837,data2_1837,364.0,553.0
1838,data2_1838,2323.0,544.0
1839,data2_1839,850.0,553.0
1840,data2_1840,205.0,360.0
1841,data2_1841,1617.0,269.0
1842,data2_1842,1264.0,386.0
1843,data2_1843,463.0,531.0
1844,data2_1844,683.0,422.0
1845,data2_1845,1350.0,385.0
1846,data2_1846,1980.0,580.0
1847,data2_1847,1984.0,442.0
1848,data2_1848,416.0,553.0
1849,data2_1849,1768.0,600.0
1850,data2_1850,900.0,313.0
1851,data2_1851,600.0,529.0
1852,data2_1852,600.0,580.0
1853,data2_1853,414.0,553.0
1854,data2_1854,1212.5,267.0
1855,data2_1855,944.0,553.0
1856,data2_1856,423.0,541.0
1857,data2_1857,754.0,120.0
1858,data2_1858,1812.0,60.0
1859,data2_1859,528.0,60.0
1860,data2_1860,971.0,70.0
1861,data2_1861,1641.0,100.0
1862,data2_1862,935.0,70.0
1863,data2_1863,533.0,70.0
1864,data2_1864,748.0,71.0
1865,data2_1865,910.0,60.0
1866,data2_1866,514.0,70.0
1867,data2_1867,419.0,553.0
1868,data2_1868,2348.0,544.0
1869,data2_1869,521.0,573.0
1870,data2_1870,859.0,573.0
1871,data2_1871,467.5,533.0
1872,data2_1872,426.0,423.0
1873,data2_1873,426.0,423.0
1874,data2_1874,847.0,573.0
1875,data2_1875,1952.0,798.0
1876,data2_1876,1902.0,606.0
1877,data2_1877,868.0,300.0
1878,data2_1878,2018.5,542.0
1879,data2_1879,2320.0,554.0
1880,data2_1880,755.0,551.0
1881,data2_1881,320.0,432.0
1882,data2_1882,532.0,160.0
1883,data2_1883,259.5,280.0
1884,data2_1884,410.0,542.0
1885,data2_1885,357.0,568.0
1886,data2_1886,357.0,566.0
1887,data2_1887,489.0,380.0
1888,data2_1888,850.0,300.0
1889,data2_1889,766.0,363.0
1890,data2_1890,521.0,573.0
1891,data2_1891,606.0,430.0
1892,data2_1892,2395.0,650.0
1893,data2_1893,562.5,410.0
1894,data2_1894,903.0,553.0
1895,data2_1895,886.0,533.0
1896,data2_1896,735.0,580.0
1897,data2_1897,500.0,580.0
1898,data2_1898,200.0,900.0
1899,data2_1899,764.0,358.0
1900,data2_1900,1200.0,755.0
1901,data2_1901,829.0,553.0
1902,data2_1902,800.0,551.0
1903,data2_1903,800.0,551.0
1904,data2_1904,771.0,270.0
1905,data2_1905,458.5,533.0
1906,data2_1906,458.5,533.0
1907,data2_1907,439.5,551.0
1908,data2_1908,944.0,553.0
1909,data2_1909,971.0,543.0
1910,data2_1910,696.0,533.0
1911,data2_1911,408.0,553.0
1912,data2_1912,408.0,553.0
1913,data2_1913,2319.0,554.0
1914,data2_1914,2319.0,534.0
1915,data2_1915,862.0,175.0
1916,data2_1916,2320.0,554.0
1917,data2_1917,479.0,431.0
1918,data2_1918,416.0,553.0
1919,data2_1919,2280.0,534.0
1920,data2_1920,2342.0,574.0
1921,data2_1921,465.0,590.0
1922,data2_1922,1200.0,942.0
1923,data2_1923,2319.0,554.0
1924,data2_1924,2319.0,534.0
1925,data2_1925,624.0,579.0
1926,data2_1926,160.0,380.0
1927,data2_1927,774.0,543.0
1928,data2_1928,514.0,573.0
1929,data2_1929,847.0,70.0
1930,data2_1930,378.0,70.0
1931,data2_1931,962.0,450.0
1932,data2_1932,900.0,568.0
1933,data2_1933,955.0,391.0
1934,data2_1934,913.0,650.0
1935,data2_1935,2040.0,575.0
1936,data2_1936,955.0,391.0
1937,data2_1937,276.0,551.0
1938,data2_1938,364.0,416.0
1939,data2_1939,464.0,391.0
1940,data2_1940,2000.0,554.0
1941,data2_1941,509.0,432.0
1942,data2_1942,446.0,543.0
1943,data2_1943,447.0,521.0
1944,data2_1944,518.0,573.0
1945,data2_1945,2091.0,550.0
1946,data2_1946,1863.0,1124.0
1947,data2_1947,882.0,436.0
1948,data2_1948,550.0,330.0
1949,data2_1949,500.0,554.0
1950,data2_1950,773.0,461.0
1951,data2_1951,808.0,543.0
1952,data2_1952,388.5,541.0
1953,data2_1953,1863.0,1124.0
1954,data2_1954,494.0,417.0
1955,data2_1955,489.0,541.0
1956,data2_1956,458.5,533.0
1957,data2_1957,467.5,533.0
1958,data2_1958,2350.0,424.0
1959,data2_1959,738.0,553.0
1960,data2_1960,879.0,553.0
1961,data2_1961,883.5,412.0
1962,data2_1962,811.5,369.0
1963,data2_1963,162.0,495.0
1964,data2_1964,1200.0,1200.0
1965,data2_1965,2000.0,560.0
1966,data2_1966,1100.0,456.0
1967,data2_1967,494.0,417.0
1968,data2_1968,2320.0,560.0
1969,data2_1969,458.5,533.0
1970,data2_1970,510.0,70.0
1971,data2_1971,1307.0,70.0
1972,data2_1972,879.0,70.0
1973,data2_1973,935.0,60.0
1974,data2_1974,845.0,70.0
1975,data2_1975,364.0,60.0
1976,data2_1976,550.0,110.0
1977,data2_1977,2204.0,60.0
1978,data2_1978,2313.0,70.0
1979,data2_1979,1752.0,60.0
1980,data2_1980,2295.0,683.0
1981,data2_1981,700.0,361.0
1982,data2_1982,1540.0,552.0
1983,data2_1983,2398.0,430.0
1984,data2_1984,514.0,343.0
1985,data2_1985,775.0,499.0
1986,data2_1986,420.0,551.0
1987,data2_1987,413.0,521.0
1988,data2_1988,715.0,676.0
1989,data2_1989,1433.0,600.0
1990,data2_1990,510.0,544.0
1991,data2_1991,860.0,475.0
1992,data2_1992,520.5,328.0
1993,data2_1993,500.0,554.0
1994,data2_1994,811.5,369.0
1995,data2_1995,773.0,553.0
1996,data2_1996,514.0,573.0
1997,data2_1997,944.0,533.0
1998,data2_1998,426.0,423.0
1999,data2_1999,407.0,573.0
2000,data2_2000,1284.0,383.0
2001,data2_2001,300.0,380.0
2002,data2_2002,407.0,573.0
2003,data2_2003,781.0,278.0
2004,data2_2004,1128.0,373.0
2005,data2_2005,584.0,553.0
2006,data2_2006,182.0,1034.0
2007,data2_2007,762.0,393.0
2008,data2_2008,535.0,504.0
2009,data2_2009,839.0,503.0
2010,data2_2010,857.0,470.0
2011,data2_2011,162.0,932.0
2012,data2_2012,764.0,553.0
2013,data2_2013,467.5,533.0
2014,data2_2014,543.0,534.0
2015,data2_2015,1535.0,554.0
2016,data2_2016,2320.0,364.0
2017,data2_2017,784.0,533.0
2018,data2_2018,620.0,574.0
2019,data2_2019,1735.0,573.0
2020,data2_2020,953.0,533.0
2021,data2_2021,395.0,523.0
2022,data2_2022,1331.5,599.5
2023,data2_2023,450.0,437.0
2024,data2_2024,494.0,533.0
2025,data2_2025,1034.0,573.0
2026,data2_2026,847.0,573.0
2027,data2_2027,738.0,553.0
2028,data2_2028,1284.0,383.0
2029,data2_2029,702.0,699.5
2030,data2_2030,474.0,534.0
2031,data2_2031,781.0,278.0
2032,data2_2032,845.0,533.0
2033,data2_2033,548.0,423.0
2034,data2_2034,2090.0,554.0
2035,data2_2035,1264.0,603.0
2036,data2_2036,700.0,550.0
2037,data2_2037,384.0,519.0
2038,data2_2038,200.0,1050.0
2039,data2_2039,420.0,385.0
2040,data2_2040,1617.0,269.0
2041,data2_2041,1212.0,357.5
2042,data2_2042,950.0,397.0
2043,data2_2043,450.0,437.0
2044,data2_2044,394.0,533.0
2045,data2_2045,2417.0,450.0
2046,data2_2046,857.0,470.0
2047,data2_2047,2000.0,554.0
2048,data2_2048,443.0,436.0
2049,data2_2049,467.5,533.0
2050,data2_2050,1128.0,450.0
2051,data2_2051,1094.0,553.0
2052,data2_2052,919.0,543.0
2053,data2_2053,850.0,424.0
2054,data2_2054,764.0,358.0
2055,data2_2055,419.0,423.0
2056,data2_2056,521.0,1123.0
2057,data2_2057,1275.0,350.0
2058,data2_2058,397.5,798.0
2059,data2_2059,550.0,330.0
2060,data2_2060,864.5,560.0
2061,data2_2061,470.0,554.0
2062,data2_2062,458.5,533.0
2063,data2_2063,518.0,573.0
2064,data2_2064,764.0,358.0
2065,data2_2065,1902.0,423.0
2066,data2_2066,953.0,533.0
2067,data2_2067,467.5,533.0
2068,data2_2068,543.0,534.0
2069,data2_2069,500.0,554.0
2070,data2_2070,886.0,533.0
2071,data2_2071,2000.0,574.0
2072,data2_2072,845.0,533.0
2073,data2_2073,2280.0,534.0
2074,data2_2074,2280.0,534.0
2075,data2_2075,1577.0,554.0
2076,data2_2076,1752.0,311.0
2077,data2_2077,1595.0,300.0
2078,data2_2078,2280.0,534.0
2079,data2_2079,853.0,531.0
2080,data2_2080,444.0,523.0
2081,data2_2081,467.5,533.0
2082,data2_2082,715.0,676.0
2083,data2_2083,414.0,573.0
2084,data2_2084,1558.5,200.0
2085,data2_2085,836.0,523.0
2086,data2_2086,2040.0,530.0
2087,data2_2087,2063.0,554.0
2088,data2_2088,474.0,554.0
2089,data2_2089,882.0,540.0
2090,data2_2090,2090.0,534.0
2091,data2_2091,847.0,573.0
2092,data2_2092,1752.0,550.0
2093,data2_2093,738.0,553.0
2094,data2_2094,2280.0,534.0
2095,data2_2095,2360.0,544.0
2096,data2_2096,836.0,523.0
2097,data2_2097,845.0,533.0
2098,data2_2098,340.0,554.0
2099,data2_2099,969.5,509.0
2100,data2_2100,480.0,554.0
2101,data2_2101,2372.0,100.0
2102,data2_2102,535.0,60.0
2103,data2_2103,120.0,1180.0
2104,data2_2104,801.0,73.0
2105,data2_2105,364.0,70.0
2106,data2_2106,1517.0,70.0
2107,data2_2107,450.0,80.0
2108,data2_2108,521.0,70.0
2109,data2_2109,700.0,150.0
2110,data2_2110,400.0,70.0
2111,data2_2111,1061.0,70.0
2112,data2_2112,276.0,551.0
2113,data2_2113,696.0,533.0
2114,data2_2114,1050.0,433.0
2115,data2_2115,345.0,543.0
2116,data2_2116,2400.0,550.0
2117,data2_2117,714.0,364.0
2118,data2_2118,300.0,541.0
2119,data2_2119,1449.0,553.0
2120,data2_2120,1980.0,574.0
2121,data2_2121,1980.0,580.0
2122,data2_2122,418.0,526.0
2123,data2_2123,1374.0,543.0
2124,data2_2124,764.0,553.0
2125,data2_2125,2040.0,530.0
2126,data2_2126,519.0,220.0
2127,data2_2127,1128.0,361.0
2128,data2_2128,813.0,553.0
2129,data2_2129,584.0,553.0
2130,data2_2130,2319.0,534.0
2131,data2_2131,496.5,441.0
2132,data2_2132,859.0,553.0
2133,data2_2133,620.0,581.0
2134,data2_2134,267.0,250.0
2135,data2_2135,1980.0,554.0
2136,data2_2136,1980.0,560.0
2137,data2_2137,2000.0,554.0
2138,data2_2138,470.0,554.0
2139,data2_2139,464.0,468.0
2140,data2_2140,2150.0,344.0
2141,data2_2141,879.0,551.0
2142,data2_2142,847.0,573.0
2143,data2_2143,2090.0,554.0
2144,data2_2144,919.0,200.0
2145,data2_2145,434.0,539.0
2146,data2_2146,642.0,329.0
2147,data2_2147,1402.0,418.0
2148,data2_2148,2405.0,580.0
2149,data2_2149,548.0,423.0
2150,data2_2150,548.0,411.0
2151,data2_2151,693.0,472.0
2152,data2_2152,1577.0,560.0
2153,data2_2153,2360.0,544.0
2154,data2_2154,725.0,580.0
2155,data2_2155,381.0,403.0
2156,data2_2156,449.5,513.5
2157,data2_2157,836.0,523.0
2158,data2_2158,836.0,523.0
2159,data2_2159,845.0,533.0
2160,data2_2160,845.0,533.0
2161,data2_2161,748.0,371.0
2162,data2_2162,812.0,417.0
2163,data2_2163,557.5,435.0
2164,data2_2164,651.5,443.5
2165,data2_2165,584.5,171.5
2166,data2_2166,551.5,508.5
2167,data2_2167,539.5,483.0
2168,data2_2168,826.5,458.5
2169,data2_2169,2016.0,458.5
2170,data2_2170,651.5,443.5
2171,data2_2171,121.5,473.0
2172,data2_2172,426.0,60.0
2173,data2_2173,1264.0,100.0
2174,data2_2174,2313.0,62.0
2175,data2_2175,899.0,70.0
2176,data2_2176,905.0,60.0
2177,data2_2177,514.0,70.0
2178,data2_2178,414.0,70.0
2179,data2_2179,509.0,70.0
2180,data2_2180,454.0,70.0
2181,data2_2181,412.0,60.0
2182,data2_2182,140.0,475.0
2183,data2_2183,514.0,70.0
2184,data2_2184,580.0,544.0
2185,data2_2185,562.0,299.0
2186,data2_2186,467.5,533.0
2187,data2_2187,435.0,419.0
2188,data2_2188,383.0,527.0
2189,data2_2189,944.0,553.0
2190,data2_2190,2398.0,458.0
2191,data2_2191,398.0,620.0
2192,data2_2192,543.0,534.0
2193,data2_2193,478.5,422.0
2194,data2_2194,2040.0,534.0
2195,data2_2195,500.0,574.0
2196,data2_2196,885.0,361.0
2197,data2_2197,451.0,554.0
2198,data2_2198,971.0,553.0
2199,data2_2199,458.5,533.0
2200,data2_2200,2295.0,830.0
2201,data2_2201,1000.0,300.0
2202,data2_2202,418.0,554.0
2203,data2_2203,868.0,533.0
2204,data2_2204,364.0,343.0
2205,data2_2205,364.0,343.0
2206,data2_2206,1613.0,220.0
2207,data2_2207,944.0,533.0
2208,data2_2208,725.0,571.0
2209,data2_2209,205.0,560.0
2210,data2_2210,369.0,553.0
2211,data2_2211,464.0,553.0
2212,data2_2212,886.0,533.0
2213,data2_2213,784.0,533.0
2214,data2_2214,1100.0,551.0
2215,data2_2215,882.0,540.0
2216,data2_2216,610.0,530.0
2217,data2_2217,464.0,480.0
2218,data2_2218,463.0,531.0
2219,data2_2219,725.0,524.0
2220,data2_2220,180.0,550.0
2221,data2_2221,830.0,664.0
2222,data2_2222,910.0,553.0
2223,data2_2223,813.0,553.0
2224,data2_2224,813.0,553.0
2225,data2_2225,1844.0,553.0
2226,data2_2226,1984.0,442.0
2227,data2_2227,500.0,380.0
2228,data2_2228,380.0,1180.0
2229,data2_2229,320.0,382.0
2230,data2_2230,446.0,543.0
2231,data2_2231,754.0,539.0
2232,data2_2232,1346.0,160.0
2233,data2_2233,624.0,346.0
2234,data2_2234,580.0,544.0
2235,data2_2235,859.0,553.0
2236,data2_2236,1980.0,574.0
2237,data2_2237,544.0,280.0
2238,data2_2238,793.0,543.0
2239,data2_2239,734.0,268.0
2240,data2_2240,2040.0,569.0
2241,data2_2241,546.0,471.0
2242,data2_2242,1264.0,386.0
2243,data2_2243,480.0,554.0
2244,data2_2244,470.0,554.0
2245,data2_2245,844.0,553.0
2246,data2_2246,1955.0,580.0
2247,data2_2247,750.0,568.0
2248,data2_2248,773.0,553.0
2249,data2_2249,874.0,553.0
2250,data2_2250,2090.0,534.0
2251,data2_2251,2090.0,534.0
2252,data2_2252,419.0,423.0
2253,data2_2253,1552.0,70.0
2254,data2_2254,1812.0,60.0
2255,data2_2255,2313.0,62.0
2256,data2_2256,955.0,70.0
2257,data2_2257,1334.0,70.0
2258,data2_2258,791.0,70.0
2259,data2_2259,120.0,900.0
2260,data2_2260,944.0,70.0
2261,data2_2261,532.0,237.0
2262,data2_2262,1768.0,620.0
2263,data2_2263,420.0,450.0
2264,data2_2264,416.0,553.0
2265,data2_2265,405.0,569.0
2266,data2_2266,1437.0,393.0
2267,data2_2267,829.0,553.0
2268,data2_2268,932.0,451.0
2269,data2_2269,509.0,378.0
2270,data2_2270,1230.0,1110.0
2271,data2_2271,426.0,423.0
2272,data2_2272,450.0,437.0
2273,data2_2273,762.0,489.0
2274,data2_2274,592.0,452.0
2275,data2_2275,556.0,242.0
2276,data2_2276,2360.0,554.0
2277,data2_2277,2312.0,554.0
2278,data2_2278,1170.0,580.0
2279,data2_2279,354.0,561.0
2280,data2_2280,509.0,352.0
2281,data2_2281,919.0,543.0
2282,data2_2282,510.0,544.0
2283,data2_2283,750.0,568.0
2284,data2_2284,429.0,344.0
2285,data2_2285,1332.0,364.0
2286,data2_2286,450.0,437.0
2287,data2_2287,2090.0,534.0
2288,data2_2288,426.0,423.0
2289,data2_2289,300.0,571.0
2290,data2_2290,899.0,525.0
2291,data2_2291,913.0,573.0
2292,data2_2292,499.5,513.5
2293,data2_2293,944.0,533.0
2294,data2_2294,2000.0,574.0
2295,data2_2295,1380.0,573.0
2296,data2_2296,584.0,553.0
2297,data2_2297,592.0,365.0
2298,data2_2298,963.0,551.0
2299,data2_2299,869.0,543.0
2300,data2_2300,392.0,553.0
2301,data2_2301,405.0,569.0
2302,data2_2302,829.0,553.0
2303,data2_2303,392.3,356.0
2304,data2_2304,408.0,533.0
2305,data2_2305,395.0,523.0
2306,data2_2306,408.0,533.0
2307,data2_2307,386.0,440.0
2308,data2_2308,880.0,580.0
2309,data2_2309,543.0,504.0
2310,data2_2310,755.0,300.0
2311,data2_2311,955.0,391.0
2312,data2_2312,700.0,554.0
2313,data2_2313,386.5,249.0
2314,data2_2314,480.0,554.0
2315,data2_2315,844.0,553.0
2316,data2_2316,651.5,443.5
2317,data2_2317,851.5,451.5
2318,data2_2318,992.0,60.0
2319,data2_2319,913.0,70.0
2320,data2_2320,836.0,70.0
2321,data2_2321,910.0,80.0
2322,data2_2322,567.0,70.0
2323,data2_2323,714.0,150.0
2324,data2_2324,489.0,70.0
2325,data2_2325,773.0,70.0
2326,data2_2326,1334.0,70.0
2327,data2_2327,847.0,60.0
2328,data2_2328,364.0,70.0
2329,data2_2329,1500.0,60.0
2330,data2_2330,839.0,70.0
2331,data2_2331,122.0,280.5
2332,data2_2332,2372.0,70.0
2333,data2_2333,642.0,70.0
2334,data2_2334,755.0,60.0
2335,data2_2335,364.0,60.0
2336,data2_2336,575.0,424.0
2337,data2_2337,1535.0,554.0
2338,data2_2338,2100.0,574.0
2339,data2_2339,300.0,384.0
2340,data2_2340,784.0,533.0
2341,data2_2341,535.0,553.0
2342,data2_2342,368.0,293.0
2343,data2_2343,700.0,179.0
2344,data2_2344,500.0,430.0
2345,data2_2345,971.0,543.0
2346,data2_2346,1595.0,534.0
2347,data2_2347,813.0,553.0
2348,data2_2348,1214.0,406.0
2349,data2_2349,150.5,405.0
2350,data2_2350,2319.0,540.0
2351,data2_2351,764.0,366.0
2352,data2_2352,2040.0,544.0
2353,data2_2353,514.0,573.0
2354,data2_2354,383.0,543.0
2355,data2_2355,1980.0,560.0
2356,data2_2356,1902.0,423.0
2357,data2_2357,458.5,533.0
2358,data2_2358,944.0,533.0
2359,data2_2359,426.0,423.0
2360,data2_2360,2000.0,574.0
2361,data2_2361,364.0,343.0
2362,data2_2362,836.0,523.0
2363,data2_2363,830.0,664.0
2364,data2_2364,917.0,573.0
2365,data2_2365,875.0,410.0
2366,data2_2366,414.0,323.0
2367,data2_2367,673.0,341.0
2368,data2_2368,2020.0,424.0
2369,data2_2369,383.0,527.0
2370,data2_2370,1490.0,365.0
2371,data2_2371,1564.0,463.0
2372,data2_2372,935.0,533.0
2373,data2_2373,764.0,553.0
2374,data2_2374,1150.0,320.0
2375,data2_2375,162.0,400.0
2376,data2_2376,882.0,494.0
2377,data2_2377,514.0,573.0
2378,data2_2378,426.0,423.0
2379,data2_2379,738.0,553.0
2380,data2_2380,1902.0,554.0
2381,data2_2381,847.0,573.0
2382,data2_2382,764.0,553.0
2383,data2_2383,434.0,519.0
2384,data2_2384,2040.0,554.0
2385,data2_2385,2198.5,532.0
2386,data2_2386,764.0,356.0
2387,data2_2387,163.5,395.0
2388,data2_2388,2319.0,446.0
2389,data2_2389,479.0,431.0
2390,data2_2390,340.0,560.0
2391,data2_2391,2350.0,564.0
2392,data2_2392,2000.0,554.0
2393,data2_2393,489.0,380.0
2394,data2_2394,423.0,541.0
2395,data2_2395,944.0,533.0
2396,data2_2396,592.0,365.0
2397,data2_2397,494.0,431.0
2398,data2_2398,722.6,411.0
2399,data2_2399,395.0,534.0
2400,data2_2400,399.5,418.5
2401,data2_2401,1844.0,573.0
2402,data2_2402,416.0,571.0
2403,data2_2403,897.0,421.0
2404,data2_2404,263.5,230.0
2405,data2_2405,476.0,423.0
2406,data2_2406,1902.0,554.0
2407,data2_2407,467.5,533.0
2408,data2_2408,407.0,573.0
2409,data2_2409,1084.0,553.0
2410,data2_2410,414.0,323.0
2411,data2_2411,2040.0,530.0
2412,data2_2412,364.0,343.0
2413,data2_2413,420.0,551.0
2414,data2_2414,858.0,553.0
2415,data2_2415,420.0,551.0
2416,data2_2416,858.0,553.0
2417,data2_2417,845.0,533.0
2418,data2_2418,749.0,571.0
2419,data2_2419,345.0,543.0
2420,data2_2420,345.0,543.0
2421,data2_2421,260.0,1122.0
2422,data2_2422,592.0,624.0
2423,data2_2423,382.0,365.0
2424,data2_2424,1179.0,543.0
2425,data2_2425,465.0,541.0
2426,data2_2426,2018.5,542.0
2427,data2_2427,755.0,553.0
2428,data2_2428,384.0,519.0
2429,data2_2429,1192.5,672.5
