board,uid,pid_raw,x,y,w,h,w0,h0,rotated
1,691,691,5.0,5.0,469.0,253.0,469.0,253.0,0
1,891,891,5.0,258.0,2340.0,522.0,2340.0,522.0,0
1,765,765,5.0,780.0,1413.0,383.0,1413.0,383.0,0
1,473,473,1418.0,780.0,879.5,431.5,879.5,431.5,0
1,323,323,474.0,5.0,1698.0,200.0,1698.0,200.0,0
1,179,179,2172.0,5.0,251.0,247.0,247.0,251.0,1
2,735,735,5.0,5.0,964.0,543.0,964.0,543.0,0
2,1105,1105,5.0,548.0,2295.0,573.0,2295.0,573.0,0
2,778,778,969.0,5.0,895.0,543.0,895.0,543.0,0
2,1114,1114,1864.0,5.0,534.0,440.0,440.0,534.0,1
2,942,942,5.0,1121.0,2160.0,80.0,2160.0,80.0,0
2,999,999,2300.0,445.0,110.0,718.0,718.0,110.0,1
2,746,746,1864.0,445.0,403.0,70.0,403.0,70.0,0
3,328,328,5.0,5.0,2100.0,554.0,2100.0,554.0,0
3,621,621,5.0,559.0,1908.0,603.0,1908.0,603.0,0
3,416,416,1913.0,559.0,483.5,626.0,626.0,483.5,1
3,512,512,2105.0,5.0,318.5,522.0,318.5,522.0,0
4,848,848,5.0,5.0,2240.0,684.0,2240.0,684.0,0
4,53,53,5.0,689.0,1834.0,279.0,1834.0,279.0,0
4,971,971,5.0,968.0,1998.0,220.0,1998.0,220.0,0
4,321,321,2003.0,689.0,421.5,371.0,421.5,371.0,0
4,394,394,2245.0,5.0,182.0,600.0,600.0,182.0,1
5,401,401,5.0,5.0,1610.5,707.5,1610.5,707.5,0
5,597,597,1615.5,5.0,759.0,1134.0,1134.0,759.0,1
5,994,994,5.0,712.5,1518.5,463.5,1518.5,463.5,0
6,699,699,5.0,5.0,1796.0,455.0,1796.0,455.0,0
6,131,131,5.0,460.0,1689.5,410.0,1689.5,410.0,0
6,494,494,5.0,870.0,2205.0,264.0,2205.0,264.0,0
6,637,637,1801.0,5.0,590.0,820.0,820.0,590.0,1
6,812,812,5.0,1134.0,2399.0,80.0,2399.0,80.0,0
6,886,886,2210.0,825.0,206.5,293.0,206.5,293.0,0
6,1066,1066,1694.5,460.0,80.0,383.0,383.0,80.0,1
7,1042,1042,5.0,5.0,932.0,450.0,932.0,450.0,0
7,798,798,5.0,455.0,1865.5,463.5,1865.5,463.5,0
7,863,863,937.0,5.0,1464.5,431.5,1464.5,431.5,0
7,114,114,5.0,918.5,1834.0,279.0,1834.0,279.0,0
7,1106,1106,1870.5,436.5,492.0,735.0,735.0,492.0,1
7,612,612,2362.5,436.5,70.0,775.7,775.7,70.0,1
8,300,300,5.0,5.0,1523.5,765.5,1523.5,765.5,0
8,794,794,5.0,770.5,2390.0,363.0,2390.0,363.0,0
8,833,833,1528.5,5.0,727.0,665.0,727.0,665.0,0
8,77,77,5.0,1133.5,1956.0,81.0,1956.0,81.0,0
8,722,722,2255.5,5.0,167.0,708.0,708.0,167.0,1
8,282,282,1528.5,670.0,544.0,70.0,544.0,70.0,0
8,1010,1010,1961.0,1133.5,383.0,75.0,383.0,75.0,0
9,744,744,5.0,5.0,2333.0,600.0,2333.0,600.0,0
9,435,435,5.0,605.0,1063.0,579.0,1063.0,579.0,0
9,1048,1048,1068.0,605.0,809.5,481.5,809.5,481.5,0
9,215,215,1877.5,605.0,521.0,609.0,609.0,521.0,1
10,959,959,5.0,5.0,2254.0,550.0,2254.0,550.0,0
10,186,186,5.0,555.0,1887.0,544.0,1887.0,544.0,0
10,921,921,1892.0,555.0,483.5,626.0,626.0,483.5,1
10,813,813,5.0,1099.0,1805.0,100.0,1805.0,100.0,0
10,876,876,2259.0,5.0,143.5,550.0,143.5,550.0,0
11,537,537,5.0,5.0,1207.0,983.5,1207.0,983.5,0
11,581,581,1212.0,5.0,1176.0,331.0,1176.0,331.0,0
11,770,770,1212.0,336.0,1013.5,805.5,805.5,1013.5,1
12,1049,1049,5.0,5.0,1771.5,426.5,1771.5,426.5,0
12,865,865,5.0,431.5,2385.0,365.0,2385.0,365.0,0
12,741,741,5.0,796.5,1866.5,397.0,1866.5,397.0,0
12,1093,1093,1776.5,5.0,584.0,373.0,584.0,373.0,0
12,101,101,1871.5,796.5,544.0,398.0,398.0,544.0,1
13,355,355,5.0,5.0,2240.0,684.0,2240.0,684.0,0
13,86,86,5.0,689.0,2340.0,522.0,2340.0,522.0,0
13,1070,1070,2345.0,5.0,70.0,775.7,775.7,70.0,1
13,15,15,2245.0,5.0,82.0,636.0,82.0,636.0,0
13,484,484,2345.0,780.7,80.0,383.0,383.0,80.0,1
14,183,183,5.0,5.0,1073.0,1062.5,1073.0,1062.5,0
14,228,228,1078.0,5.0,1013.5,692.0,692.0,1013.5,1
14,175,175,1078.0,697.0,917.0,460.0,460.0,917.0,1
14,359,359,2091.5,5.0,310.0,982.0,982.0,310.0,1
14,436,436,1995.0,987.0,330.0,213.5,213.5,330.0,1
15,378,378,5.0,5.0,2100.0,560.0,2100.0,560.0,0
15,639,639,5.0,565.0,2100.0,534.0,2100.0,534.0,0
15,682,682,2105.0,5.0,329.0,948.0,948.0,329.0,1
15,1067,1067,5.0,1099.0,1770.0,100.0,1770.0,100.0,0
15,1109,1109,2105.0,953.0,251.0,247.0,247.0,251.0,1
15,11,11,1775.0,1099.0,264.0,60.0,264.0,60.0,0
16,336,336,5.0,5.0,1887.0,544.0,1887.0,544.0,0
16,964,964,5.0,549.0,2258.0,344.0,2258.0,344.0,0
16,121,121,5.0,893.0,1888.0,304.0,1888.0,304.0,0
16,995,995,1892.0,5.0,487.5,528.0,528.0,487.5,1
16,146,146,1893.0,893.0,483.0,303.0,483.0,303.0,0
16,166,166,2263.0,533.0,167.0,353.0,353.0,167.0,1
17,373,373,5.0,5.0,1315.0,600.0,1315.0,600.0,0
17,447,447,5.0,605.0,2254.0,550.0,2254.0,550.0,0
17,890,890,1320.0,5.0,812.0,429.0,812.0,429.0,0
17,156,156,2132.0,5.0,303.0,465.0,465.0,303.0,1
18,332,332,5.0,5.0,2390.0,655.0,2390.0,655.0,0
18,531,531,5.0,660.0,1710.0,386.0,1710.0,386.0,0
18,400,400,1715.0,660.0,720.0,554.0,720.0,554.0,0
18,596,596,5.0,1046.0,1652.0,159.0,1652.0,159.0,0
19,912,912,5.0,5.0,2000.0,580.0,2000.0,580.0,0
19,264,264,5.0,585.0,919.0,531.0,919.0,531.0,0
19,7,7,924.0,585.0,1352.5,445.5,1352.5,445.5,0
19,223,223,2005.0,5.0,429.0,531.0,429.0,531.0,0
19,467,467,924.0,1030.5,1324.0,182.0,1324.0,182.0,0
19,1006,1006,2276.5,536.0,146.0,600.0,600.0,146.0,1
19,12,12,5.0,1116.0,895.0,70.0,895.0,70.0,0
20,780,780,5.0,5.0,2254.0,550.0,2254.0,550.0,0
20,314,314,5.0,555.0,2150.0,590.0,2150.0,590.0,0
20,34,34,2155.0,555.0,260.0,650.0,650.0,260.0,1
20,487,487,5.0,1145.0,1874.0,70.0,1874.0,70.0,0
20,773,773,2259.0,5.0,160.0,480.0,480.0,160.0,1
20,1065,1065,1879.0,1145.0,265.0,70.0,265.0,70.0,0
21,592,592,5.0,5.0,1080.0,814.0,1080.0,814.0,0
21,601,601,5.0,819.0,2160.0,374.0,2160.0,374.0,0
21,626,626,1085.0,5.0,963.0,681.0,963.0,681.0,0
21,496,496,2165.0,5.0,270.0,1140.0,1140.0,270.0,1
21,1061,1061,1085.0,686.0,1020.0,120.0,1020.0,120.0,0
22,846,846,5.0,5.0,2258.0,344.0,2258.0,344.0,0
22,805,805,5.0,349.0,2390.0,363.0,2390.0,363.0,0
22,866,866,5.0,712.0,1805.0,355.0,1805.0,355.0,0
22,768,768,1810.0,712.0,618.7,475.0,618.7,475.0,0
22,936,936,5.0,1067.0,1791.0,144.0,1791.0,144.0,0
22,189,189,2263.0,5.0,160.0,330.0,160.0,330.0,0
23,265,265,5.0,5.0,2335.0,590.0,2335.0,590.0,0
23,915,915,5.0,595.0,912.0,573.0,912.0,573.0,0
23,752,752,917.0,595.0,1063.0,599.0,1063.0,599.0,0
23,308,308,1980.0,595.0,446.0,499.0,446.0,499.0,0
24,792,792,5.0,5.0,2240.0,684.0,2240.0,684.0,0
24,528,528,5.0,689.0,2258.0,344.0,2258.0,344.0,0
24,10,10,5.0,1033.0,1791.0,145.0,1791.0,145.0,0
24,943,943,2263.0,5.0,140.0,1135.0,1135.0,140.0,1
24,285,285,1796.0,1033.0,280.0,182.0,182.0,280.0,1
25,481,481,5.0,5.0,1739.5,410.0,1739.5,410.0,0
25,89,89,5.0,415.0,1887.0,544.0,1887.0,544.0,0
25,622,622,1892.0,5.0,510.0,964.0,964.0,510.0,1
25,541,541,5.0,969.0,2254.0,204.0,2254.0,204.0,0
26,9,9,5.0,5.0,1755.5,448.2,1755.5,448.2,0
26,913,913,5.0,453.2,2299.0,590.0,2299.0,590.0,0
26,818,818,1760.5,5.0,665.0,421.0,421.0,665.0,1
26,938,938,5.0,1043.2,1910.0,150.0,1910.0,150.0,0
26,162,162,1915.0,1043.2,480.0,158.0,480.0,158.0,0
26,1064,1064,2304.0,426.0,119.0,592.0,592.0,119.0,1
27,274,274,5.0,5.0,1852.0,683.0,1852.0,683.0,0
27,638,638,1857.0,5.0,549.0,919.0,919.0,549.0,1
27,668,668,5.0,688.0,1610.0,350.0,1610.0,350.0,0
27,811,811,5.0,1038.0,2390.0,120.0,2390.0,120.0,0
27,22,22,1615.0,688.0,219.0,350.0,350.0,219.0,1
28,1050,1050,5.0,5.0,2315.0,590.0,2315.0,590.0,0
28,582,582,5.0,595.0,1365.0,374.0,1365.0,374.0,0
28,501,501,1370.0,595.0,781.0,553.0,781.0,553.0,0
28,403,403,2151.0,595.0,264.0,311.0,264.0,311.0,0
28,662,662,2151.0,906.0,264.0,273.0,264.0,273.0,0
28,1024,1024,5.0,969.0,520.0,226.0,226.0,520.0,1
28,850,850,525.0,969.0,801.0,188.0,801.0,188.0,0
29,540,540,5.0,5.0,1240.0,700.0,1240.0,700.0,0
29,404,404,5.0,705.0,1365.0,374.0,1365.0,374.0,0
29,834,834,1370.0,5.0,725.0,760.0,725.0,760.0,0
29,523,523,1370.0,765.0,892.0,449.0,892.0,449.0,0
29,39,39,2095.0,5.0,335.0,760.0,335.0,760.0,0
29,365,365,2262.0,765.0,167.0,353.0,353.0,167.0,1
30,683,683,5.0,5.0,2100.0,554.0,2100.0,554.0,0
30,1030,1030,5.0,559.0,2100.0,554.0,2100.0,554.0,0
30,192,192,2105.0,5.0,298.5,1133.5,298.5,1133.5,0
30,73,73,5.0,1138.5,2293.0,70.0,2293.0,70.0,0
31,630,630,5.0,5.0,2120.0,330.0,2120.0,330.0,0
31,521,521,5.0,335.0,1523.5,578.5,1523.5,578.5,0
31,827,827,5.0,913.5,2285.0,289.0,2285.0,289.0,0
31,914,914,1528.5,335.0,781.0,553.0,781.0,553.0,0
31,939,939,2309.5,5.0,109.0,1026.0,1026.0,109.0,1
31,145,145,2125.0,5.0,160.0,330.0,160.0,330.0,0
32,469,469,5.0,5.0,1187.0,973.5,1187.0,973.5,0
32,240,240,1192.0,5.0,917.0,601.0,917.0,601.0,0
32,193,193,1192.0,606.0,762.0,517.0,762.0,517.0,0
32,1016,1016,1954.0,606.0,473.0,600.0,600.0,473.0,1
32,303,303,2109.0,5.0,318.5,522.0,318.5,522.0,0
32,711,711,5.0,978.5,1069.0,199.0,1069.0,199.0,0
32,1073,1073,1074.0,1123.0,775.7,70.0,775.7,70.0,0
33,62,62,5.0,5.0,1865.5,463.5,1865.5,463.5,0
33,245,245,5.0,468.5,2115.0,344.0,2115.0,344.0,0
33,788,788,5.0,812.5,2335.0,380.0,2335.0,380.0,0
33,106,106,2120.0,5.0,309.0,766.0,766.0,309.0,1
33,910,910,1870.5,5.0,225.0,313.0,225.0,313.0,0
33,483,483,2340.0,771.0,70.0,436.0,436.0,70.0,1
34,505,505,5.0,5.0,1600.0,518.0,1600.0,518.0,0
34,631,631,5.0,523.0,2205.0,419.0,2205.0,419.0,0
34,674,674,1605.0,5.0,766.5,496.5,766.5,496.5,0
34,1098,1098,5.0,942.0,2120.0,264.0,2120.0,264.0,0
34,180,180,2210.0,501.5,167.0,708.0,708.0,167.0,1
34,996,996,2371.5,5.0,60.0,451.0,451.0,60.0,1
35,709,709,5.0,5.0,1215.0,947.5,1215.0,947.5,0
35,703,703,1220.0,5.0,534.0,950.0,950.0,534.0,1
35,1035,1035,1754.0,5.0,553.0,781.0,781.0,553.0,1
35,772,772,1754.0,786.0,665.0,421.0,421.0,665.0,1
35,572,572,5.0,952.5,1133.0,262.0,1133.0,262.0,0
36,881,881,5.0,5.0,1413.5,461.5,1413.5,461.5,0
36,464,464,5.0,466.5,2258.0,344.0,2258.0,344.0,0
36,54,54,5.0,810.5,2120.0,330.0,2120.0,330.0,0
36,476,476,1418.5,5.0,945.5,416.0,945.5,416.0,0
36,502,502,2125.0,810.5,264.0,311.0,264.0,311.0,0
36,78,78,5.0,1140.5,2000.0,63.0,2000.0,63.0,0
36,119,119,2263.0,421.0,167.0,353.0,353.0,167.0,1
36,877,877,2005.0,1140.5,421.0,70.0,421.0,70.0,0
36,75,75,2364.0,5.0,60.0,416.0,416.0,60.0,1
37,655,655,5.0,5.0,1887.0,544.0,1887.0,544.0,0
37,1096,1096,5.0,549.0,2100.0,534.0,2100.0,534.0,0
37,500,500,2105.0,5.0,304.0,982.0,982.0,304.0,1
37,421,421,5.0,1083.0,2390.0,120.0,2390.0,120.0,0
37,410,410,1892.0,5.0,197.0,520.0,520.0,197.0,1
38,123,123,5.0,5.0,1523.5,765.5,1523.5,765.5,0
38,412,412,5.0,770.5,1464.5,426.5,1464.5,426.5,0
38,232,232,1528.5,5.0,533.0,929.0,929.0,533.0,1
38,205,205,2061.5,5.0,363.0,882.0,882.0,363.0,1
38,310,310,1469.5,934.0,708.0,167.0,708.0,167.0,0
38,395,395,2177.5,887.0,250.0,286.0,286.0,250.0,1
38,874,874,1469.5,1101.0,621.0,70.0,621.0,70.0,0
39,715,715,5.0,5.0,1887.0,550.0,1887.0,550.0,0
39,844,844,5.0,555.0,2115.0,344.0,2115.0,344.0,0
39,1039,1039,5.0,899.0,1888.0,304.0,1888.0,304.0,0
39,599,599,2120.0,5.0,298.5,1133.5,298.5,1133.5,0
39,894,894,1892.0,5.0,184.0,480.0,184.0,480.0,0
39,1038,1038,1893.0,899.0,206.5,293.0,206.5,293.0,0
40,511,511,5.0,5.0,1523.5,328.0,1523.5,328.0,0
40,766,766,5.0,333.0,1908.0,603.0,1908.0,603.0,0
40,808,808,1913.0,5.0,478.0,946.0,946.0,478.0,1
40,1026,1026,5.0,951.0,1998.0,220.0,1998.0,220.0,0
40,217,217,2003.0,951.0,311.0,264.0,264.0,311.0,1
40,693,693,1528.5,5.0,264.0,311.0,264.0,311.0,0
41,50,50,5.0,5.0,974.0,533.0,974.0,533.0,0
41,786,786,979.0,5.0,794.0,548.0,794.0,548.0,0
41,988,988,5.0,553.0,1739.5,410.0,1739.5,410.0,0
41,552,552,1773.0,5.0,553.0,781.0,781.0,553.0,1
41,354,354,5.0,963.0,1414.0,200.0,1414.0,200.0,0
41,83,83,1744.5,786.0,665.0,421.0,421.0,665.0,1
41,165,165,1419.0,963.0,251.0,247.0,247.0,251.0,1
41,72,72,2326.0,5.0,70.0,723.0,723.0,70.0,1
42,583,583,5.0,5.0,2335.0,305.0,2335.0,305.0,0
42,147,147,5.0,310.0,2254.0,544.0,2254.0,544.0,0
42,562,562,5.0,854.0,1560.0,330.0,1560.0,330.0,0
42,799,799,1565.0,854.0,729.5,351.5,729.5,351.5,0
42,1002,1002,2294.5,310.0,123.5,855.5,123.5,855.5,0
43,1021,1021,5.0,5.0,1215.0,947.5,1215.0,947.5,0
43,701,701,1220.0,5.0,1134.0,759.0,1134.0,759.0,0
43,729,729,5.0,952.5,1470.0,260.0,1470.0,260.0,0
43,927,927,1475.0,764.0,945.5,416.0,945.5,416.0,0
43,208,208,2354.0,5.0,70.0,723.0,723.0,70.0,1
44,544,544,5.0,5.0,1352.5,445.5,1352.5,445.5,0
44,641,641,5.0,450.5,1134.0,759.0,1134.0,759.0,0
44,238,238,1139.0,450.5,1240.0,700.0,1240.0,700.0,0
44,229,229,1357.5,5.0,1014.0,380.0,1014.0,380.0,0
44,418,418,1139.0,1150.5,895.0,60.0,895.0,60.0,0
45,569,569,5.0,5.0,2360.0,800.0,2360.0,800.0,0
45,81,81,5.0,805.0,2299.0,400.0,2299.0,400.0,0
45,1060,1060,2365.0,5.0,70.0,775.7,775.7,70.0,1
45,74,74,2365.0,780.7,60.0,384.0,384.0,60.0,1
46,356,356,5.0,5.0,963.0,681.0,963.0,681.0,0
46,926,926,5.0,686.0,1795.5,386.0,1795.5,386.0,0
46,1103,1103,968.0,5.0,727.0,665.0,727.0,665.0,0
46,826,826,1800.5,5.0,599.0,1063.0,1063.0,599.0,1
46,207,207,5.0,1072.0,1451.0,134.0,1451.0,134.0,0
47,132,132,5.0,5.0,1595.5,393.5,1595.5,393.5,0
47,269,269,5.0,398.5,2250.0,534.0,2250.0,534.0,0
47,775,775,5.0,932.5,2120.0,264.0,2120.0,264.0,0
47,397,397,1600.5,5.0,834.0,371.0,834.0,371.0,0
47,909,909,2125.0,932.5,273.0,264.0,264.0,273.0,1
47,449,449,2255.0,376.0,158.0,480.0,480.0,158.0,1
48,629,629,5.0,5.0,2120.0,350.0,2120.0,350.0,0
48,6,6,5.0,355.0,1352.5,445.5,1352.5,445.5,0
48,980,980,5.0,800.5,2400.0,295.0,2400.0,295.0,0
48,898,898,1357.5,355.0,887.0,376.0,887.0,376.0,0
48,88,88,2125.0,5.0,264.0,311.0,264.0,311.0,0
49,706,706,5.0,5.0,2360.0,500.0,2360.0,500.0,0
49,474,474,5.0,505.0,2299.0,540.0,2299.0,540.0,0
49,944,944,5.0,1045.0,2400.0,120.0,2400.0,120.0,0
49,1001,1001,2365.0,5.0,70.0,1012.0,1012.0,70.0,1
50,194,194,5.0,5.0,2335.0,492.0,2335.0,492.0,0
50,82,82,5.0,497.0,2254.0,544.0,2254.0,544.0,0
50,1011,1011,5.0,1041.0,2187.0,172.0,2187.0,172.0,0
50,570,570,2259.0,497.0,160.0,584.0,584.0,160.0,1
50,1005,1005,2340.0,5.0,80.0,383.0,383.0,80.0,1
51,219,219,5.0,5.0,2250.0,534.0,2250.0,534.0,0
51,1082,1082,5.0,539.0,2258.0,344.0,2258.0,344.0,0
51,508,508,5.0,883.0,2041.0,300.0,2041.0,300.0,0
51,515,515,2263.0,5.0,167.0,708.0,708.0,167.0,1
51,1063,1063,2263.0,713.0,144.0,380.0,380.0,144.0,1
51,536,536,2046.0,883.0,206.5,293.0,206.5,293.0,0
52,1028,1028,5.0,5.0,2247.0,354.0,2247.0,354.0,0
52,1031,1031,5.0,359.0,2100.0,554.0,2100.0,554.0,0
52,553,553,5.0,913.0,1805.0,300.0,1805.0,300.0,0
52,190,190,2105.0,359.0,329.0,856.0,856.0,329.0,1
52,661,661,1810.0,913.0,264.0,273.0,264.0,273.0,0
52,493,493,2252.0,5.0,182.0,282.0,182.0,282.0,0
53,35,35,5.0,5.0,2100.0,534.0,2100.0,534.0,0
53,823,823,5.0,539.0,2120.0,350.0,2120.0,350.0,0
53,415,415,5.0,889.0,1870.5,319.5,1870.5,319.5,0
53,666,666,2125.0,5.0,283.0,1164.0,1164.0,283.0,1
53,940,940,1875.5,889.0,144.0,322.0,144.0,322.0,0
54,740,740,5.0,5.0,2100.5,397.0,2100.5,397.0,0
54,896,896,5.0,402.0,2033.5,342.0,2033.5,342.0,0
54,680,680,5.0,744.0,1870.5,319.5,1870.5,319.5,0
54,922,922,2038.5,402.0,396.5,771.5,771.5,396.5,1
54,209,209,5.0,1063.5,1910.0,150.0,1910.0,150.0,0
54,652,652,2105.5,5.0,259.0,373.0,373.0,259.0,1
54,548,548,1915.0,744.0,109.0,469.0,469.0,109.0,1
54,749,749,2364.5,5.0,60.0,384.0,384.0,60.0,1
55,659,659,5.0,5.0,1887.0,550.0,1887.0,550.0,0
55,178,178,5.0,555.0,1887.0,400.0,1887.0,400.0,0
55,978,978,1892.0,5.0,523.0,1030.0,1030.0,523.0,1
55,188,188,5.0,955.0,1790.5,206.5,1790.5,206.5,0
55,843,843,1795.5,1035.0,480.0,158.0,480.0,158.0,0
56,841,841,5.0,5.0,1360.0,869.0,1360.0,869.0,0
56,588,588,1365.0,5.0,983.5,1207.0,1207.0,983.5,1
56,718,718,5.0,874.0,1324.0,261.0,1324.0,261.0,0
56,14,14,2348.5,5.0,70.0,983.0,983.0,70.0,1
56,945,945,5.0,1135.0,974.0,70.0,974.0,70.0,0
56,283,283,979.0,1135.0,306.0,70.0,306.0,70.0,0
57,609,609,5.0,5.0,1795.5,386.0,1795.5,386.0,0
57,970,970,5.0,391.0,1710.0,386.0,1710.0,386.0,0
57,925,925,5.0,777.0,1689.5,410.0,1689.5,410.0,0
57,297,297,1800.5,5.0,599.0,1063.0,1063.0,599.0,1
58,1056,1056,5.0,5.0,1689.5,410.0,1689.5,410.0,0
58,290,290,5.0,415.0,1600.0,524.0,1600.0,524.0,0
58,955,955,1694.5,5.0,681.0,963.0,963.0,681.0,1
58,333,333,5.0,939.0,1470.0,260.0,1470.0,260.0,0
58,712,712,1475.0,968.0,732.0,199.0,732.0,199.0,0
59,29,29,5.0,5.0,1600.0,518.0,1600.0,518.0,0
59,138,138,5.0,523.0,1464.5,470.5,1464.5,470.5,0
59,386,386,1605.0,5.0,805.5,1013.5,805.5,1013.5,0
59,790,790,5.0,1018.5,2390.0,185.0,2390.0,185.0,0
60,807,807,5.0,5.0,1464.5,426.5,1464.5,426.5,0
60,347,347,5.0,431.5,1464.5,426.5,1464.5,426.5,0
60,720,720,5.0,858.0,1274.0,297.0,1274.0,297.0,0
60,442,442,1469.5,5.0,599.0,1063.0,1063.0,599.0,1
60,651,651,2068.5,5.0,331.0,1177.0,1177.0,331.0,1
60,42,42,1279.0,858.0,167.0,353.0,353.0,167.0,1
61,822,822,5.0,5.0,1380.0,480.0,1380.0,480.0,0
61,257,257,5.0,485.0,1328.5,372.0,1328.5,372.0,0
61,402,402,5.0,857.0,1252.0,330.0,1252.0,330.0,0
61,357,357,1385.0,5.0,681.0,963.0,963.0,681.0,1
61,545,545,2066.0,5.0,368.0,978.5,978.5,368.0,1
61,259,259,1257.0,983.5,1068.5,203.0,203.0,1068.5,1
62,327,327,5.0,5.0,1252.0,330.0,1252.0,330.0,0
62,519,519,5.0,335.0,1252.0,330.0,1252.0,330.0,0
62,517,517,5.0,665.0,1252.0,330.0,1252.0,330.0,0
62,557,557,1257.0,5.0,802.5,873.5,873.5,802.5,1
62,318,318,2059.5,5.0,373.0,861.0,861.0,373.0,1
62,587,587,5.0,995.0,1998.0,220.0,1998.0,220.0,0
62,438,438,2059.5,866.0,373.0,341.0,373.0,341.0,0
62,946,946,1257.0,878.5,718.0,110.0,718.0,110.0,0
63,656,656,5.0,5.0,1012.0,543.0,1012.0,543.0,0
63,976,976,1017.0,5.0,1012.0,543.0,1012.0,543.0,0
63,27,27,5.0,548.0,1012.0,543.0,1012.0,543.0,0
63,276,276,1017.0,548.0,974.0,533.0,974.0,533.0,0
63,129,129,2029.0,5.0,399.0,935.0,935.0,399.0,1
63,1000,1000,5.0,1091.0,2400.0,120.0,2400.0,120.0,0
63,1009,1009,1991.0,940.0,380.0,145.0,380.0,145.0,0
64,648,648,5.0,5.0,974.0,533.0,974.0,533.0,0
64,171,171,979.0,5.0,974.0,533.0,974.0,533.0,0
64,413,413,5.0,538.0,995.5,477.5,995.5,477.5,0
64,987,987,1000.5,538.0,995.5,477.5,995.5,477.5,0
64,48,48,1996.0,5.0,430.0,868.5,868.5,430.0,1
64,408,408,5.0,1015.5,2004.0,182.0,2004.0,182.0,0
64,705,705,2009.0,873.5,373.0,341.0,373.0,341.0,0
65,761,761,5.0,5.0,964.0,531.0,964.0,531.0,0
65,907,907,969.0,5.0,917.0,601.0,917.0,601.0,0
65,686,686,5.0,536.0,912.0,573.0,912.0,573.0,0
65,113,113,1886.0,5.0,533.0,929.0,929.0,533.0,1
65,529,529,917.0,606.0,895.0,543.0,895.0,543.0,0
65,692,692,1812.0,934.0,564.0,278.0,564.0,278.0,0
65,485,485,5.0,1149.0,1302.0,60.0,1302.0,60.0,0
65,551,551,1307.0,1149.0,429.0,60.0,429.0,60.0,0
66,360,360,5.0,5.0,782.0,755.0,755.0,782.0,1
66,1092,1092,787.0,5.0,895.0,543.0,895.0,543.0,0
66,753,753,787.0,548.0,895.0,543.0,895.0,543.0,0
66,224,224,1682.0,5.0,491.0,897.0,897.0,491.0,1
66,872,872,5.0,760.0,748.0,448.0,748.0,448.0,0
66,372,372,2173.0,5.0,250.0,1176.0,250.0,1176.0,0
66,574,574,1682.0,902.0,483.0,303.0,483.0,303.0,0
66,1058,1058,753.0,1091.0,856.0,124.0,856.0,124.0,0
67,727,727,5.0,5.0,874.0,535.0,874.0,535.0,0
67,664,664,879.0,5.0,784.0,660.0,784.0,660.0,0
67,341,341,1663.0,5.0,543.0,840.0,840.0,543.0,1
67,837,837,5.0,540.0,800.0,600.0,800.0,600.0,0
67,543,543,805.0,665.0,837.5,460.0,837.5,460.0,0
67,1055,1055,1642.5,845.0,782.5,368.5,782.5,368.5,0
67,393,393,2206.0,5.0,200.0,600.0,200.0,600.0,0
67,1068,1068,5.0,1140.0,1500.0,75.0,1500.0,75.0,0
68,46,46,5.0,5.0,727.0,665.0,727.0,665.0,0
68,646,646,732.0,5.0,727.0,665.0,727.0,665.0,0
68,95,95,1459.0,5.0,727.0,665.0,727.0,665.0,0
68,983,983,5.0,670.0,766.5,496.5,766.5,496.5,0
68,64,64,771.5,670.0,711.5,528.0,711.5,528.0,0
68,203,203,1483.0,670.0,686.5,466.5,686.5,466.5,0
68,969,969,2186.0,5.0,249.0,946.0,946.0,249.0,1
68,40,40,2169.5,951.0,251.0,247.0,247.0,251.0,1
68,1003,1003,1483.0,1136.5,621.0,70.0,621.0,70.0,0
69,1033,1033,5.0,5.0,727.0,665.0,727.0,665.0,0
69,575,575,732.0,5.0,781.0,553.0,781.0,553.0,0
69,590,590,1513.0,5.0,781.0,553.0,781.0,553.0,0
69,340,340,732.0,558.0,781.0,553.0,781.0,553.0,0
69,369,369,1513.0,558.0,755.0,560.0,755.0,560.0,0
69,676,676,5.0,670.0,711.5,528.0,711.5,528.0,0
69,998,998,716.5,1118.0,1560.0,80.0,1560.0,80.0,0
69,1004,1004,2294.0,5.0,120.0,1170.0,1170.0,120.0,1
70,275,275,5.0,5.0,720.0,620.0,720.0,620.0,0
70,351,351,725.0,5.0,711.5,556.5,711.5,556.5,0
70,610,610,725.0,561.5,686.5,466.5,686.5,466.5,0
70,559,559,1436.5,5.0,575.0,928.0,575.0,928.0,0
70,370,370,5.0,625.0,720.0,554.0,720.0,554.0,0
70,934,934,2011.5,5.0,416.5,918.5,918.5,416.5,1
70,1086,1086,1411.5,933.0,873.5,266.5,873.5,266.5,0
70,532,532,725.0,1028.0,570.0,180.0,180.0,570.0,1
71,776,776,5.0,5.0,2335.0,492.0,2335.0,492.0,0
71,1102,1102,5.0,497.0,1194.0,523.0,1194.0,523.0,0
71,653,653,1199.0,497.0,1063.0,579.0,1063.0,579.0,0
71,1074,1074,5.0,1076.0,2390.0,120.0,2390.0,120.0,0
71,36,36,2262.0,497.0,158.0,480.0,480.0,158.0,1
72,195,195,5.0,5.0,963.0,683.0,963.0,683.0,0
72,428,428,5.0,688.0,1328.5,372.0,1328.5,372.0,0
72,80,80,1333.5,5.0,553.0,781.0,781.0,553.0,1
72,737,737,1886.5,5.0,532.0,913.0,913.0,532.0,1
72,903,903,1333.5,918.0,967.0,297.0,967.0,297.0,0
72,299,299,968.0,5.0,355.0,498.0,498.0,355.0,1
72,510,510,968.0,503.0,353.0,185.0,353.0,185.0,0
73,607,607,5.0,5.0,1518.5,463.5,1518.5,463.5,0
73,96,96,5.0,468.5,1417.0,725.0,1417.0,725.0,0
73,226,226,1523.5,5.0,383.0,1080.0,1080.0,383.0,1
73,924,924,1906.5,5.0,416.5,881.5,881.5,416.5,1
73,31,31,1906.5,886.5,465.0,309.0,465.0,309.0,0
74,155,155,5.0,5.0,1476.0,351.0,1476.0,351.0,0
74,849,849,5.0,356.0,1887.0,544.0,1887.0,544.0,0
74,684,684,1892.0,5.0,543.0,840.0,840.0,543.0,1
74,1032,1032,5.0,900.0,1440.0,303.0,1440.0,303.0,0
74,627,627,1445.0,900.0,948.0,311.0,948.0,311.0,0
74,700,700,1481.0,5.0,384.0,288.0,384.0,288.0,0
75,725,725,5.0,5.0,2018.5,552.0,2018.5,552.0,0
75,892,892,5.0,557.0,1715.0,590.0,1715.0,590.0,0
75,252,252,2023.5,5.0,375.0,1014.0,1014.0,375.0,1
75,181,181,1720.0,557.0,297.0,609.7,609.7,297.0,1
75,951,951,2017.0,1019.0,353.0,185.0,353.0,185.0,0
75,613,613,5.0,1147.0,982.0,60.0,982.0,60.0,0
75,1071,1071,987.0,1147.0,451.0,60.0,451.0,60.0,0
76,783,783,5.0,5.0,1600.0,530.0,1600.0,530.0,0
76,437,437,1605.0,5.0,683.0,963.0,963.0,683.0,1
76,504,504,5.0,535.0,1600.0,446.0,1600.0,446.0,0
76,425,425,5.0,981.0,2254.0,230.0,2254.0,230.0,0
76,142,142,2288.0,5.0,109.0,1026.0,1026.0,109.0,1
77,130,130,5.0,5.0,1478.0,387.5,1478.0,387.5,0
77,334,334,1483.0,5.0,681.0,963.0,963.0,681.0,1
77,307,307,5.0,392.5,895.0,543.0,895.0,543.0,0
77,835,835,900.0,392.5,510.0,725.0,725.0,510.0,1
77,236,236,2164.0,5.0,270.0,1080.0,1080.0,270.0,1
77,591,591,5.0,935.5,764.0,261.0,764.0,261.0,0
77,55,55,1410.0,968.0,732.0,199.0,732.0,199.0,0
78,23,23,5.0,5.0,1610.5,352.5,1610.5,352.5,0
78,989,989,5.0,357.5,1686.0,420.5,1686.0,420.5,0
78,384,384,5.0,778.0,2345.0,280.0,2345.0,280.0,0
78,479,479,1691.0,5.0,479.5,722.5,722.5,479.5,1
78,586,586,2170.5,5.0,251.0,531.0,531.0,251.0,1
79,576,576,5.0,5.0,2172.5,378.5,2172.5,378.5,0
79,885,885,5.0,383.5,1910.0,297.0,1910.0,297.0,0
79,1083,1083,5.0,680.5,2004.0,261.0,2004.0,261.0,0
79,1052,1052,2009.0,383.5,396.5,771.5,771.5,396.5,1
79,1019,1019,5.0,941.5,1998.0,220.0,1998.0,220.0,0
79,1097,1097,2177.5,5.0,250.0,350.0,250.0,350.0,0
80,628,628,5.0,5.0,2299.0,520.0,2299.0,520.0,0
80,134,134,5.0,525.0,2100.5,397.0,2100.5,397.0,0
80,104,104,5.0,922.0,2345.0,280.0,2345.0,280.0,0
80,216,216,2105.5,525.0,311.0,264.0,264.0,311.0,1
81,2,2,5.0,5.0,1866.5,397.0,1866.5,397.0,0
81,650,650,5.0,402.0,800.0,600.0,800.0,600.0,0
81,600,600,805.0,402.0,895.0,543.0,895.0,543.0,0
81,1034,1034,1700.0,402.0,665.0,727.0,727.0,665.0,1
81,726,726,5.0,1002.0,1647.0,186.0,1647.0,186.0,0
81,490,490,1871.5,5.0,450.0,382.0,382.0,450.0,1
81,489,489,2365.0,5.0,70.0,1020.0,1020.0,70.0,1
81,143,143,1652.0,1129.0,723.0,70.0,723.0,70.0,0
82,144,144,5.0,5.0,2187.0,419.0,2187.0,419.0,0
82,911,911,5.0,424.0,1790.0,312.0,1790.0,312.0,0
82,1014,1014,5.0,736.0,2247.0,354.0,2247.0,354.0,0
82,535,535,1795.0,424.0,609.7,297.0,609.7,297.0,0
83,785,785,5.0,5.0,2172.5,918.5,2172.5,918.5,0
83,177,177,5.0,923.5,1834.0,262.0,1834.0,262.0,0
83,317,317,2177.5,5.0,250.0,1177.0,250.0,1177.0,0
83,151,151,1839.0,923.5,311.0,264.0,264.0,311.0,1
84,349,349,5.0,5.0,1686.0,420.5,1686.0,420.5,0
84,979,979,5.0,425.5,2240.0,684.0,2240.0,684.0,0
84,182,182,1691.0,5.0,729.0,381.0,729.0,381.0,0
84,875,875,5.0,1109.5,1970.0,100.0,1970.0,100.0,0
84,68,68,2245.0,386.0,180.0,590.0,180.0,590.0,0
84,482,482,1975.0,1109.5,383.0,80.0,383.0,80.0,0
85,250,250,5.0,5.0,1194.0,523.0,1194.0,523.0,0
85,958,958,5.0,528.0,2299.0,480.0,2299.0,480.0,0
85,713,713,1199.0,5.0,762.0,517.0,762.0,517.0,0
85,432,432,1961.0,5.0,420.0,484.0,484.0,420.0,1
85,698,698,5.0,1008.0,1450.0,200.0,1450.0,200.0,0
85,657,657,1455.0,1008.0,952.0,200.0,952.0,200.0,0
85,616,616,2304.0,489.0,109.0,469.0,469.0,109.0,1
86,779,779,5.0,5.0,1887.0,550.0,1887.0,550.0,0
86,777,777,5.0,555.0,1413.0,523.0,1413.0,523.0,0
86,330,330,1418.0,555.0,919.0,549.0,919.0,549.0,0
86,278,278,1892.0,5.0,440.0,534.0,440.0,534.0,0
86,748,748,5.0,1104.0,1970.0,100.0,1970.0,100.0,0
87,595,595,5.0,5.0,1535.5,582.0,1535.5,582.0,0
87,319,319,1540.5,5.0,533.0,929.0,929.0,533.0,1
87,414,414,5.0,587.0,1464.5,426.5,1464.5,426.5,0
87,445,445,2073.5,5.0,350.0,982.0,982.0,350.0,1
87,1012,1012,5.0,1013.5,2142.0,200.0,2142.0,200.0,0
87,261,261,2147.0,987.0,270.0,200.0,200.0,270.0,1
87,810,810,1469.5,934.0,544.0,70.0,544.0,70.0,0
87,997,997,1469.5,587.0,60.0,264.0,264.0,60.0,1
88,594,594,5.0,5.0,1560.0,330.0,1560.0,330.0,0
88,235,235,5.0,335.0,1710.0,386.0,1710.0,386.0,0
88,85,85,5.0,721.0,2205.0,295.0,2205.0,295.0,0
88,172,172,1715.0,5.0,720.0,554.0,720.0,554.0,0
88,124,124,5.0,1016.0,1647.0,186.0,1647.0,186.0,0
88,338,338,1652.0,1016.0,708.0,185.0,708.0,185.0,0
88,387,387,2210.0,559.0,219.0,350.0,350.0,219.0,1
89,919,919,5.0,5.0,1659.5,410.0,1659.5,410.0,0
89,608,608,5.0,415.0,1771.5,426.5,1771.5,426.5,0
89,514,514,5.0,841.5,1361.0,300.0,1361.0,300.0,0
89,93,93,1776.5,5.0,548.0,794.0,794.0,548.0,1
89,742,742,1366.0,841.5,978.5,368.0,978.5,368.0,0
89,1062,1062,5.0,1141.5,974.0,70.0,974.0,70.0,0
89,486,486,2344.5,5.0,70.0,895.0,895.0,70.0,1
90,539,539,5.0,5.0,2299.0,415.0,2299.0,415.0,0
90,375,375,5.0,420.0,2390.0,495.0,2390.0,495.0,0
90,688,688,5.0,915.0,1797.5,260.0,1797.5,260.0,0
90,839,839,1802.5,915.0,600.0,262.0,600.0,262.0,0
91,309,309,5.0,5.0,1414.0,516.0,1414.0,516.0,0
91,110,110,5.0,521.0,1365.0,374.0,1365.0,374.0,0
91,184,184,1419.0,5.0,600.0,1110.0,1110.0,600.0,1
91,243,243,2019.0,5.0,399.0,935.0,935.0,399.0,1
91,58,58,5.0,895.0,1140.0,270.0,1140.0,270.0,0
91,430,430,2019.0,940.0,335.0,260.0,335.0,260.0,0
91,1090,1090,1145.0,895.0,264.0,311.0,264.0,311.0,0
92,1113,1113,5.0,5.0,892.0,449.0,892.0,449.0,0
92,801,801,5.0,454.0,1595.5,393.5,1595.5,393.5,0
92,880,880,1600.5,5.0,543.0,1012.0,1012.0,543.0,1
92,463,463,5.0,847.5,1440.0,303.0,1440.0,303.0,0
92,371,371,897.0,5.0,690.0,420.0,420.0,690.0,1
92,1027,1027,2143.5,5.0,283.0,1164.0,1164.0,283.0,1
92,153,153,1445.0,1017.0,520.0,197.0,520.0,197.0,0
92,619,619,5.0,1150.5,1302.0,60.0,1302.0,60.0,0
93,868,868,5.0,5.0,1464.5,470.5,1464.5,470.5,0
93,260,260,5.0,475.5,1000.0,619.0,619.0,1000.0,1
93,1047,1047,1005.0,475.5,918.5,416.5,918.5,416.5,0
93,990,990,1923.5,5.0,485.0,946.0,946.0,485.0,1
93,518,518,1005.0,892.0,901.0,310.0,901.0,310.0,0
93,920,920,1469.5,5.0,414.5,460.0,414.5,460.0,0
93,426,426,1906.0,951.0,469.0,253.0,469.0,253.0,0
93,422,422,5.0,1094.5,913.5,94.0,913.5,94.0,0
94,287,287,5.0,5.0,1013.5,692.0,692.0,1013.5,1
94,965,965,1018.5,5.0,963.0,613.0,963.0,613.0,0
94,480,480,1018.5,618.0,837.5,460.5,837.5,460.5,0
94,98,98,5.0,697.0,950.0,440.0,950.0,440.0,0
94,266,266,1981.5,5.0,448.0,803.0,803.0,448.0,1
94,251,251,1856.0,808.0,551.0,381.5,381.5,551.0,1
94,206,206,5.0,1137.0,1661.0,70.0,1661.0,70.0,0
95,900,900,5.0,5.0,2400.0,750.0,2400.0,750.0,0
95,800,800,5.0,755.0,879.5,431.5,879.5,431.5,0
95,253,253,884.5,755.0,1252.0,330.0,1252.0,330.0,0
95,728,728,2136.5,755.0,264.0,422.5,422.5,264.0,1
95,420,420,884.5,1085.0,1170.0,120.0,1170.0,120.0,0
96,311,311,5.0,5.0,2100.0,554.0,2100.0,554.0,0
96,832,832,5.0,559.0,781.0,553.0,781.0,553.0,0
96,383,383,786.0,559.0,1365.0,374.0,1365.0,374.0,0
96,279,279,786.0,933.0,1434.3,277.0,1434.3,277.0,0
96,237,237,2151.0,5.0,281.0,773.0,773.0,281.0,1
96,1015,1015,2220.3,778.0,201.0,350.0,350.0,201.0,1
96,211,211,5.0,1112.0,723.0,70.0,723.0,70.0,0
97,817,817,5.0,5.0,2000.0,580.0,2000.0,580.0,0
97,842,842,5.0,585.0,1834.0,279.0,1834.0,279.0,0
97,20,20,5.0,864.0,1910.0,297.0,1910.0,297.0,0
97,21,21,2005.0,5.0,358.0,887.0,887.0,358.0,1
97,326,326,1915.0,892.0,456.0,311.0,456.0,311.0,0
98,845,845,5.0,5.0,2258.0,344.0,2258.0,344.0,0
98,935,935,5.0,349.0,1595.5,393.5,1595.5,393.5,0
98,871,871,1600.5,349.0,496.5,766.5,766.5,496.5,1
98,632,632,5.0,742.5,1550.0,329.0,1550.0,329.0,0
98,707,707,2097.0,349.0,309.0,766.0,766.0,309.0,1
98,419,419,5.0,1115.5,1956.0,82.0,1956.0,82.0,0
98,454,454,2263.0,5.0,163.5,260.0,163.5,260.0,0
99,671,671,5.0,5.0,974.0,533.0,974.0,533.0,0
99,272,272,5.0,538.0,2100.0,554.0,2100.0,554.0,0
99,568,568,979.0,5.0,1080.0,383.0,1080.0,383.0,0
99,478,478,2105.0,5.0,311.0,1155.5,1155.5,311.0,1
100,533,533,5.0,5.0,2360.0,800.0,2360.0,800.0,0
100,196,196,5.0,805.0,1961.0,349.5,1961.0,349.5,0
100,396,396,1966.0,805.0,373.0,341.0,373.0,341.0,0
100,937,937,5.0,1154.5,2400.0,60.0,2400.0,60.0,0
100,13,13,2365.0,5.0,70.0,1113.0,1113.0,70.0,1
101,948,948,5.0,5.0,1852.0,683.0,1852.0,683.0,0
101,603,603,1857.0,5.0,491.0,897.0,897.0,491.0,1
101,137,137,5.0,688.0,1659.5,410.0,1659.5,410.0,0
101,633,633,1664.5,902.0,766.0,309.0,766.0,309.0,0
101,615,615,5.0,1098.0,1561.0,110.0,1561.0,110.0,0
101,1007,1007,2348.0,5.0,70.0,775.7,775.7,70.0,1
102,784,784,5.0,5.0,1320.0,574.0,1320.0,574.0,0
102,1091,1091,1325.0,5.0,543.0,895.0,895.0,543.0,1
102,19,19,1868.0,5.0,554.0,720.0,720.0,554.0,1
102,312,312,5.0,579.0,794.0,548.0,794.0,548.0,0
102,563,563,799.0,900.0,1240.0,300.0,1240.0,300.0,0
102,472,472,2039.0,725.0,371.0,421.5,421.5,371.0,1
102,288,288,799.0,579.0,465.0,303.0,465.0,303.0,0
102,1069,1069,5.0,1127.0,775.7,70.0,775.7,70.0,0
103,606,606,5.0,5.0,879.5,431.5,879.5,431.5,0
103,538,538,884.5,5.0,720.0,554.0,720.0,554.0,0
103,870,870,5.0,436.5,879.5,431.5,879.5,431.5,0
103,561,561,5.0,868.0,1260.0,334.0,1260.0,334.0,0
103,331,331,1604.5,5.0,609.0,892.0,892.0,609.0,1
103,45,45,1265.0,897.0,948.0,311.0,948.0,311.0,0
103,789,789,884.5,559.0,690.0,298.5,298.5,690.0,1
103,580,580,2213.5,5.0,160.0,874.0,874.0,160.0,1
103,878,878,2373.5,5.0,60.0,1012.0,1012.0,60.0,1
103,549,549,2213.0,897.0,144.0,310.0,144.0,310.0,0
104,201,201,5.0,5.0,755.0,534.0,755.0,534.0,0
104,1076,1076,760.0,5.0,553.0,539.0,539.0,553.0,1
104,513,513,1313.0,5.0,613.0,963.0,963.0,613.0,1
104,256,256,5.0,539.0,725.0,600.0,725.0,600.0,0
104,604,604,1926.0,5.0,383.0,870.0,870.0,383.0,1
104,731,731,730.0,968.0,1642.0,159.0,1642.0,159.0,0
105,1104,1104,5.0,5.0,1550.5,552.0,1550.5,552.0,0
105,67,67,1555.5,5.0,460.5,837.5,837.5,460.5,1
105,754,754,5.0,557.0,870.0,383.0,870.0,383.0,0
105,678,678,875.0,842.5,1544.5,302.5,1544.5,302.5,0
105,348,348,2016.0,5.0,418.5,725.0,725.0,418.5,1
105,456,456,5.0,940.0,814.0,251.0,814.0,251.0,0
105,509,509,875.0,557.0,540.0,270.0,540.0,270.0,0
105,1072,1072,819.0,1145.0,1437.0,70.0,1437.0,70.0,0
105,750,750,2016.0,730.0,383.0,75.0,383.0,75.0,0
106,302,302,5.0,5.0,929.0,533.0,929.0,533.0,0
106,164,164,934.0,5.0,963.0,683.0,963.0,683.0,0
106,679,679,5.0,688.0,1676.5,513.0,1676.5,513.0,0
106,459,459,1897.0,5.0,375.0,1014.0,1014.0,375.0,1
106,516,516,1681.5,1019.0,708.0,185.0,708.0,185.0,0
106,534,534,1681.5,688.0,182.0,280.0,182.0,280.0,0
107,122,122,5.0,5.0,781.0,553.0,781.0,553.0,0
107,724,724,786.0,5.0,1187.0,973.5,1187.0,973.5,0
107,411,411,5.0,558.0,561.5,551.5,561.5,551.5,0
107,932,932,1973.0,5.0,416.5,918.5,918.5,416.5,1
107,769,769,566.5,978.5,1789.5,206.5,1789.5,206.5,0
107,602,602,566.5,558.0,213.5,330.0,213.5,330.0,0
108,84,84,5.0,5.0,932.0,610.0,932.0,610.0,0
108,346,346,937.0,5.0,809.5,481.5,809.5,481.5,0
108,524,524,1746.5,5.0,610.0,838.0,838.0,610.0,1
108,281,281,5.0,615.0,1080.0,383.0,1080.0,383.0,0
108,497,497,1085.0,843.0,1014.0,357.0,1014.0,357.0,0
108,304,304,1085.0,486.5,494.0,342.0,494.0,342.0,0
108,847,847,5.0,998.0,1069.0,199.0,1069.0,199.0,0
108,730,730,2099.0,843.0,311.0,264.0,264.0,311.0,1
109,429,429,5.0,5.0,2250.0,534.0,2250.0,534.0,0
109,405,405,5.0,539.0,895.0,525.0,895.0,525.0,0
109,933,933,900.0,539.0,837.5,460.0,837.5,460.0,0
109,929,929,1737.5,539.0,686.5,466.5,686.5,466.5,0
109,76,76,5.0,1064.0,2390.0,120.0,2390.0,120.0,0
109,690,690,2255.0,5.0,158.0,480.0,480.0,158.0,1
110,884,884,5.0,5.0,945.5,493.0,493.0,945.5,1
110,1089,1089,5.0,498.0,1110.0,600.0,1110.0,600.0,0
110,961,961,1115.0,5.0,727.0,665.0,727.0,665.0,0
110,458,458,1842.0,5.0,380.0,1014.0,1014.0,380.0,1
110,774,774,1115.0,670.0,609.0,521.0,609.0,521.0,0
111,506,506,5.0,5.0,2090.0,374.0,2090.0,374.0,0
111,947,947,5.0,379.0,1240.0,300.0,1240.0,300.0,0
111,860,860,1245.0,379.0,837.5,463.5,837.5,463.5,0
111,100,100,5.0,679.0,870.0,383.0,870.0,383.0,0
111,739,739,875.0,842.5,1544.5,302.5,1544.5,302.5,0
111,854,854,2095.0,5.0,290.0,784.0,784.0,290.0,1
112,564,564,5.0,5.0,794.0,548.0,794.0,548.0,0
112,3,3,799.0,5.0,870.0,633.0,870.0,633.0,0
112,993,993,1669.0,5.0,375.0,844.0,844.0,375.0,1
112,66,66,5.0,638.0,809.5,481.5,809.5,481.5,0
112,325,325,2044.0,5.0,376.0,887.0,887.0,376.0,1
112,339,339,814.5,638.0,755.0,565.0,755.0,565.0,0
112,298,298,1569.5,892.0,766.0,309.0,766.0,309.0,0
113,828,828,5.0,5.0,897.0,491.0,897.0,491.0,0
113,546,546,5.0,496.0,945.5,416.5,945.5,416.5,0
113,974,974,950.5,5.0,725.0,510.0,725.0,510.0,0
113,585,585,1675.5,5.0,681.0,963.0,963.0,681.0,1
113,273,273,950.5,515.0,573.0,539.0,539.0,573.0,1
113,200,200,5.0,912.5,901.0,302.0,901.0,302.0,0
113,507,507,906.0,1054.0,1380.0,160.0,1380.0,160.0,0
113,488,488,2356.5,5.0,70.0,974.0,974.0,70.0,1
113,941,941,1523.5,979.0,895.0,60.0,895.0,60.0,0
113,1059,1059,1523.5,515.0,122.0,318.5,318.5,122.0,1
114,167,167,5.0,5.0,755.0,560.0,755.0,560.0,0
114,366,366,5.0,565.0,609.0,463.0,609.0,463.0,0
114,433,433,760.0,5.0,974.0,533.0,974.0,533.0,0
114,858,858,1734.0,5.0,478.0,946.0,946.0,478.0,1
114,757,757,760.0,538.0,609.7,474.0,609.7,474.0,0
114,1013,1013,1369.7,538.0,355.0,498.0,498.0,355.0,1
114,364,364,1724.7,951.0,531.0,251.0,531.0,251.0,0
115,462,462,5.0,5.0,720.0,554.0,720.0,554.0,0
115,277,277,725.0,5.0,974.0,533.0,974.0,533.0,0
115,157,157,1699.0,5.0,665.0,727.0,727.0,665.0,1
115,782,782,5.0,559.0,1014.0,357.0,1014.0,357.0,0
115,967,967,1019.0,732.0,935.0,420.0,935.0,420.0,0
115,957,957,5.0,916.0,982.0,288.0,982.0,288.0,0
115,1036,1036,1954.0,732.0,419.0,470.0,470.0,419.0,1
115,623,623,1019.0,538.0,532.0,183.5,183.5,532.0,1
115,745,745,2373.0,5.0,60.0,982.0,982.0,60.0,1
115,614,614,987.0,1152.0,895.0,60.0,895.0,60.0,0
116,1107,1107,5.0,5.0,1113.0,300.0,1113.0,300.0,0
116,173,173,1118.0,5.0,840.0,473.0,840.0,473.0,0
116,213,213,5.0,305.0,720.0,554.0,720.0,554.0,0
116,542,542,725.0,478.0,876.5,531.5,876.5,531.5,0
116,368,368,1958.0,5.0,301.0,957.0,957.0,301.0,1
116,966,966,5.0,859.0,530.0,330.0,530.0,330.0,0
116,57,57,1601.5,478.0,330.0,530.0,530.0,330.0,1
116,353,353,1931.5,962.0,469.0,253.0,469.0,253.0,0
117,928,928,5.0,5.0,945.5,416.5,945.5,416.5,0
117,819,819,950.5,5.0,839.0,450.0,839.0,450.0,0
117,441,441,5.0,455.0,1320.0,574.0,1320.0,574.0,0
117,647,647,1325.0,455.0,725.0,560.0,725.0,560.0,0
117,159,159,2050.0,5.0,373.0,861.0,861.0,373.0,1
117,231,231,5.0,1029.0,1647.0,186.0,1647.0,186.0,0
117,1108,1108,2050.0,866.0,373.0,341.0,373.0,341.0,0
117,1044,1044,1789.5,5.0,250.0,350.0,250.0,350.0,0
117,803,803,1652.0,1015.0,350.0,180.0,180.0,350.0,1
118,636,636,5.0,5.0,781.0,553.0,781.0,553.0,0
118,864,864,5.0,558.0,1595.5,393.5,1595.5,393.5,0
118,1041,1041,1600.5,5.0,539.0,573.0,539.0,573.0,0
118,565,565,1600.5,578.0,667.0,574.0,667.0,574.0,0
118,344,344,786.0,5.0,654.0,531.5,654.0,531.5,0
118,571,571,5.0,951.5,1140.0,247.0,1140.0,247.0,0
118,756,756,2139.5,5.0,270.0,540.0,540.0,270.0,1
118,51,51,1145.0,951.5,373.0,259.0,373.0,259.0,0
118,97,97,2267.5,545.0,158.0,480.0,480.0,158.0,1
119,673,673,5.0,5.0,686.5,466.5,686.5,466.5,0
119,593,593,5.0,471.5,948.0,329.0,948.0,329.0,0
119,547,547,953.0,5.0,418.5,725.0,725.0,418.5,1
119,887,887,1371.5,5.0,554.0,720.0,720.0,554.0,1
119,797,797,1371.5,725.0,731.0,479.0,731.0,479.0,0
119,573,573,5.0,800.5,948.0,311.0,948.0,311.0,0
119,991,991,1925.5,5.0,483.5,626.0,626.0,483.5,1
119,320,320,953.0,730.0,371.0,421.5,421.5,371.0,1
119,32,32,2102.5,631.0,303.0,483.0,483.0,303.0,1
119,697,697,691.5,5.0,250.0,350.0,250.0,350.0,0
120,1111,1111,5.0,5.0,2254.0,550.0,2254.0,550.0,0
120,150,150,5.0,555.0,974.0,533.0,974.0,533.0,0
120,1023,1023,979.0,555.0,599.5,538.5,599.5,538.5,0
120,367,367,1578.5,555.0,609.7,475.0,609.7,475.0,0
121,732,732,5.0,5.0,1834.0,285.0,1834.0,285.0,0
121,1046,1046,5.0,290.0,918.5,416.5,918.5,416.5,0
121,1057,1057,923.5,290.0,837.5,463.5,837.5,463.5,0
121,611,611,5.0,753.5,1352.5,445.5,1352.5,445.5,0
121,202,202,1357.5,753.5,990.0,363.0,990.0,363.0,0
121,380,380,1839.0,5.0,521.0,609.0,609.0,521.0,1
122,634,634,5.0,5.0,963.0,683.0,963.0,683.0,0
122,859,859,968.0,5.0,771.5,396.5,771.5,396.5,0
122,352,352,968.0,401.5,809.5,481.5,809.5,481.5,0
122,763,763,1777.5,5.0,612.0,964.0,612.0,964.0,0
122,87,87,5.0,883.0,1176.0,331.0,1176.0,331.0,0
122,696,696,1181.0,969.0,1240.0,200.0,1240.0,200.0,0
122,451,451,5.0,688.0,908.0,180.0,180.0,908.0,1
123,174,174,5.0,5.0,727.0,665.0,727.0,665.0,0
123,643,643,732.0,5.0,609.0,463.0,609.0,463.0,0
123,530,530,732.0,468.0,764.0,343.0,764.0,343.0,0
123,254,254,1496.0,5.0,465.0,580.0,465.0,580.0,0
123,1054,1054,1496.0,585.0,623.5,460.5,623.5,460.5,0
123,242,242,5.0,670.0,609.0,521.0,609.0,521.0,0
123,141,141,614.0,811.0,729.0,381.0,729.0,381.0,0
123,292,292,2119.5,5.0,311.0,948.0,948.0,311.0,1
123,956,956,2119.5,953.0,286.0,250.0,286.0,250.0,0
123,52,52,1343.0,1045.5,480.0,158.0,480.0,158.0,0
124,246,246,5.0,5.0,1260.0,350.0,1260.0,350.0,0
124,625,625,5.0,355.0,1274.0,297.0,1274.0,297.0,0
124,795,795,5.0,652.0,561.5,551.5,561.5,551.5,0
124,65,65,566.5,652.0,623.5,460.5,623.5,460.5,0
124,806,806,1190.0,652.0,766.5,496.5,766.5,496.5,0
124,161,161,1279.0,5.0,935.0,484.0,935.0,484.0,0
124,873,873,1956.5,489.0,418.5,725.0,725.0,418.5,1
124,714,714,2214.0,5.0,200.0,462.0,462.0,200.0,1
125,109,109,5.0,5.0,1791.0,312.0,1791.0,312.0,0
125,952,952,5.0,317.0,1134.0,759.0,1134.0,759.0,0
125,362,362,1139.0,317.0,1240.0,282.0,1240.0,282.0,0
125,736,736,1139.0,599.0,913.5,470.0,913.5,470.0,0
125,755,755,2052.5,599.0,373.0,584.0,584.0,373.0,1
125,17,17,1796.0,5.0,618.7,297.0,618.7,297.0,0
125,617,617,5.0,1076.0,1770.0,100.0,1770.0,100.0,0
126,963,963,5.0,5.0,1834.0,262.0,1834.0,262.0,0
126,869,869,5.0,267.0,729.5,351.5,729.5,351.5,0
126,37,37,734.5,267.0,609.0,521.0,609.0,521.0,0
126,289,289,1839.0,5.0,318.0,982.0,982.0,318.0,1
126,923,923,1343.5,267.0,479.5,722.5,722.5,479.5,1
126,635,635,5.0,788.0,982.0,310.0,982.0,310.0,0
126,60,60,2157.0,5.0,251.0,814.0,814.0,251.0,1
126,525,525,987.0,788.0,330.0,423.0,423.0,330.0,1
126,427,427,2157.0,819.0,259.0,373.0,373.0,259.0,1
126,30,30,1317.0,989.5,313.0,225.0,225.0,313.0,1
126,687,687,5.0,618.5,480.0,158.0,480.0,158.0,0
126,457,457,1823.0,987.0,313.0,225.0,225.0,313.0,1
126,620,620,5.0,1098.0,964.0,70.0,964.0,70.0,0
127,239,239,5.0,5.0,873.5,429.0,873.5,429.0,0
127,361,361,878.5,5.0,840.0,543.0,840.0,543.0,0
127,642,642,5.0,548.0,1413.0,383.0,1413.0,383.0,0
127,598,598,1418.0,548.0,861.0,373.0,861.0,373.0,0
127,796,796,1718.5,5.0,524.5,470.5,470.5,524.5,1
127,255,255,1418.0,921.0,480.0,293.0,480.0,293.0,0
127,220,220,5.0,931.0,945.5,249.0,249.0,945.5,1
127,59,59,1898.0,921.0,531.0,251.0,531.0,251.0,0
127,160,160,950.5,931.0,311.0,264.0,264.0,311.0,1
127,738,738,2243.0,5.0,190.0,520.0,520.0,190.0,1
128,199,199,5.0,5.0,1302.0,288.0,1302.0,288.0,0
128,589,589,1307.0,5.0,553.0,781.0,781.0,553.0,1
128,214,214,5.0,293.0,948.0,329.0,948.0,329.0,0
128,908,908,1860.0,5.0,460.0,620.0,460.0,620.0,0
128,24,24,5.0,622.0,581.0,506.5,506.5,581.0,1
128,453,453,586.0,786.0,1177.0,331.0,1177.0,331.0,0
128,820,820,1763.0,786.0,665.0,421.0,421.0,665.0,1
128,831,831,953.0,293.0,329.0,456.0,456.0,329.0,1
128,79,79,5.0,1128.5,1560.0,80.0,1560.0,80.0,0
129,461,461,5.0,5.0,1519.0,522.0,1519.0,522.0,0
129,1022,1022,1524.0,5.0,330.0,982.0,982.0,330.0,1
129,16,16,5.0,527.0,967.0,297.0,967.0,297.0,0
129,962,962,1854.0,5.0,482.0,683.0,683.0,482.0,1
129,906,906,5.0,824.0,948.0,311.0,948.0,311.0,0
129,672,672,972.0,527.0,460.5,623.5,623.5,460.5,1
129,443,443,1854.0,688.0,499.0,446.0,446.0,499.0,1
129,460,460,1432.5,987.0,313.0,225.0,225.0,313.0,1
130,358,358,5.0,5.0,1215.0,455.5,1215.0,455.5,0
130,879,879,1220.0,5.0,725.0,364.0,725.0,364.0,0
130,787,787,1220.0,369.0,690.0,420.0,420.0,690.0,1
130,982,982,5.0,460.5,637.0,500.0,637.0,500.0,0
130,1053,1053,642.0,789.0,844.0,375.0,844.0,375.0,0
130,771,771,1486.0,789.0,948.0,311.0,948.0,311.0,0
130,465,465,1945.0,5.0,429.0,531.0,429.0,531.0,0
130,125,125,642.0,460.5,483.0,303.0,483.0,303.0,0
130,1078,1078,1910.0,536.0,469.0,253.0,469.0,253.0,0
130,337,337,5.0,960.5,251.0,247.0,247.0,251.0,1
130,241,241,256.0,960.5,350.0,250.0,250.0,350.0,1
131,821,821,5.0,5.0,892.0,449.0,892.0,449.0,0
131,424,424,897.0,5.0,667.0,574.0,667.0,574.0,0
131,1051,1051,5.0,454.0,626.0,483.5,626.0,483.5,0
131,168,168,1564.0,5.0,421.0,665.0,421.0,665.0,0
131,47,47,1985.0,5.0,429.0,873.5,873.5,429.0,1
131,316,316,631.0,579.0,690.0,420.0,420.0,690.0,1
131,1094,1094,1321.0,878.5,1080.0,270.0,1080.0,270.0,0
131,471,471,5.0,937.5,578.5,270.0,578.5,270.0,0
131,584,584,583.5,999.0,731.5,203.0,203.0,731.5,1
131,127,127,1321.0,670.0,600.0,200.0,200.0,600.0,1
131,210,210,1315.0,1148.5,1012.0,60.0,1012.0,60.0,0
132,379,379,5.0,5.0,974.0,533.0,974.0,533.0,0
132,815,815,5.0,538.0,609.7,474.0,609.7,474.0,0
132,111,111,614.7,538.0,861.0,373.0,861.0,373.0,0
132,503,503,979.0,5.0,451.0,533.0,451.0,533.0,0
132,374,374,1475.7,5.0,539.0,573.0,539.0,573.0,0
132,1085,1085,1475.7,578.0,665.0,421.0,421.0,665.0,1
132,851,851,2014.7,5.0,398.0,544.0,398.0,544.0,0
132,446,446,614.7,999.0,1647.0,186.0,1647.0,186.0,0
132,793,793,2140.7,549.0,264.0,273.0,264.0,273.0,0
132,764,764,5.0,1012.0,531.0,199.5,199.5,531.0,1
132,855,855,2261.7,822.0,167.0,353.0,353.0,167.0,1
132,1008,1008,614.7,911.0,851.0,60.0,851.0,60.0,0
133,91,91,5.0,5.0,967.0,297.0,967.0,297.0,0
133,148,148,972.0,5.0,665.0,421.0,421.0,665.0,1
133,406,406,5.0,302.0,492.0,735.0,735.0,492.0,1
133,107,107,1637.0,5.0,460.0,577.0,460.0,577.0,0
133,677,677,497.0,302.0,448.2,585.5,585.5,448.2,1
133,733,733,945.2,426.0,609.0,521.0,609.0,521.0,0
133,905,905,1554.2,582.0,805.5,356.0,805.5,356.0,0
133,649,649,5.0,1037.0,1652.0,159.0,1652.0,159.0,0
133,112,112,1657.0,938.0,764.0,261.0,764.0,261.0,0
133,140,140,2097.0,5.0,337.0,498.0,498.0,337.0,1
133,618,618,497.0,947.0,1075.0,70.0,1075.0,70.0,0
134,893,893,5.0,5.0,533.0,451.0,451.0,533.0,1
134,382,382,5.0,456.0,946.0,329.0,946.0,329.0,0
134,981,981,951.0,5.0,373.0,584.0,584.0,373.0,1
134,191,191,951.0,589.0,982.0,318.0,982.0,318.0,0
134,1025,1025,1324.0,5.0,690.0,420.0,420.0,690.0,1
134,1037,1037,1933.0,425.0,373.0,584.0,584.0,373.0,1
134,1101,1101,5.0,907.0,957.0,301.0,957.0,301.0,0
134,267,267,962.0,907.0,800.0,300.0,800.0,300.0,0
134,704,704,538.0,5.0,402.0,440.0,402.0,440.0,0
134,284,284,2014.0,5.0,400.0,398.0,398.0,400.0,1
135,350,350,5.0,5.0,1155.5,311.0,1155.5,311.0,0
135,758,758,1160.5,5.0,577.0,460.0,460.0,577.0,1
135,294,294,5.0,316.0,667.0,574.0,667.0,574.0,0
135,448,448,1737.5,5.0,421.0,665.0,421.0,665.0,0
135,92,92,672.0,465.0,887.0,358.0,887.0,358.0,0
135,204,204,1559.0,670.0,686.5,466.5,686.5,466.5,0
135,977,977,672.0,823.0,530.0,382.0,382.0,530.0,1
135,949,949,5.0,890.0,615.0,290.0,615.0,290.0,0
135,149,149,2158.5,5.0,260.0,650.0,650.0,260.0,1
135,950,950,1202.0,823.0,341.0,373.0,373.0,341.0,1
135,342,342,2245.5,655.0,158.0,480.0,480.0,158.0,1
136,233,233,5.0,5.0,531.0,429.0,429.0,531.0,1
136,862,862,5.0,434.0,809.5,481.5,809.5,481.5,0
136,69,69,814.5,5.0,368.0,782.5,782.5,368.0,1
136,417,417,1182.5,5.0,579.0,391.0,579.0,391.0,0
136,829,829,1761.5,5.0,373.0,584.0,584.0,373.0,1
136,681,681,1182.5,589.0,729.0,381.0,729.0,381.0,0
136,492,492,1911.5,589.0,373.0,584.0,584.0,373.0,1
136,814,814,5.0,915.5,967.0,297.0,967.0,297.0,0
136,491,491,2134.5,5.0,297.0,464.0,464.0,297.0,1
136,895,895,536.0,5.0,259.0,373.0,373.0,259.0,1
137,390,390,5.0,5.0,781.0,553.0,781.0,553.0,0
137,985,985,5.0,558.0,652.5,471.0,652.5,471.0,0
137,695,695,657.5,558.0,1252.0,330.0,1252.0,330.0,0
137,18,18,786.0,5.0,1014.0,380.0,1014.0,380.0,0
137,708,708,1909.5,5.0,381.0,729.0,729.0,381.0,1
137,566,566,1909.5,734.0,491.0,364.0,364.0,491.0,1
137,41,41,657.5,888.0,766.0,309.0,766.0,309.0,0
137,1029,1029,1423.5,888.0,465.0,301.0,465.0,301.0,0
138,930,930,5.0,5.0,701.5,387.5,701.5,387.5,0
138,158,158,5.0,392.5,580.0,360.0,580.0,360.0,0
138,660,660,585.0,392.5,540.0,531.0,540.0,531.0,0
138,762,762,1125.0,5.0,540.0,402.0,402.0,540.0,1
138,578,578,1665.0,5.0,420.0,690.0,420.0,690.0,0
138,102,102,1125.0,407.0,448.0,544.0,448.0,544.0,0
138,675,675,1573.0,695.0,686.5,466.5,686.5,466.5,0
138,28,28,5.0,752.5,531.0,429.0,429.0,531.0,1
138,1084,1084,536.0,951.0,814.0,251.0,814.0,251.0,0
138,689,689,2085.0,5.0,298.5,690.0,298.5,690.0,0
138,117,117,706.5,5.0,373.0,341.0,373.0,341.0,0
138,392,392,2259.5,695.0,158.0,480.0,480.0,158.0,1
138,118,118,1350.0,951.0,163.5,260.0,163.5,260.0,0
139,63,63,5.0,5.0,652.5,471.0,652.5,471.0,0
139,4,4,5.0,476.0,652.5,472.0,652.5,472.0,0
139,953,953,657.5,5.0,590.0,575.0,575.0,590.0,1
139,852,852,657.5,580.0,946.0,329.0,946.0,329.0,0
139,901,901,1247.5,5.0,834.0,371.0,834.0,371.0,0
139,126,126,1603.5,376.0,421.0,665.0,421.0,665.0,0
139,187,187,2024.5,376.0,309.0,766.0,766.0,309.0,1
139,222,222,5.0,1041.0,1642.0,159.0,1642.0,159.0,0
139,883,883,2081.5,5.0,343.0,354.0,354.0,343.0,1
140,133,133,5.0,5.0,748.0,448.0,748.0,448.0,0
140,888,888,5.0,453.0,580.0,465.0,465.0,580.0,1
140,169,169,585.0,453.0,553.0,539.0,539.0,553.0,1
140,904,904,1138.0,5.0,577.0,460.0,460.0,577.0,1
140,407,407,1715.0,5.0,383.0,870.0,870.0,383.0,1
140,1018,1018,1138.0,465.0,361.0,692.0,692.0,361.0,1
140,197,197,2098.0,5.0,329.0,856.0,856.0,329.0,1
140,376,376,1499.0,875.0,800.0,300.0,800.0,300.0,0
140,751,751,753.0,5.0,371.0,421.5,421.5,371.0,1
140,385,385,5.0,918.0,480.0,297.0,297.0,480.0,1
140,444,444,485.0,992.0,629.0,210.0,629.0,210.0,0
140,760,760,1499.0,465.0,201.0,350.0,350.0,201.0,1
141,1077,1077,5.0,5.0,600.0,423.5,423.5,600.0,1
141,225,225,5.0,428.5,544.0,398.0,398.0,544.0,1
141,244,244,549.0,428.5,518.0,480.0,480.0,518.0,1
141,56,56,1067.0,5.0,518.0,480.0,480.0,518.0,1
141,306,306,1067.0,485.0,550.0,398.0,398.0,550.0,1
141,293,293,1617.0,5.0,574.0,667.0,667.0,574.0,1
141,5,5,1617.0,672.0,782.5,368.0,782.5,368.0,0
141,262,262,5.0,826.5,531.0,379.0,379.0,531.0,1
141,1080,1080,536.0,908.5,907.0,278.0,907.0,278.0,0
141,99,99,605.0,5.0,421.5,371.0,421.5,371.0,0
141,271,271,2191.0,5.0,210.0,628.0,628.0,210.0,1
141,719,719,1443.0,1040.0,708.0,167.0,708.0,167.0,0
141,409,409,2151.0,1040.0,260.0,163.5,163.5,260.0,1
142,809,809,5.0,5.0,626.0,483.5,626.0,483.5,0
142,115,115,5.0,488.5,544.0,398.0,398.0,544.0,1
142,802,802,549.0,488.5,579.0,391.0,579.0,391.0,0
142,781,781,1128.0,5.0,360.0,498.0,498.0,360.0,1
142,280,280,1128.0,503.0,764.0,343.0,764.0,343.0,0
142,1,1,1488.0,5.0,579.0,391.0,579.0,391.0,0
142,475,475,1892.0,396.0,473.5,495.5,495.5,473.5,1
142,322,322,549.0,879.5,760.0,335.0,335.0,760.0,1
142,857,857,631.0,5.0,463.5,452.5,452.5,463.5,1
142,398,398,1309.0,891.5,784.0,284.0,784.0,284.0,0
142,313,313,5.0,886.5,483.0,303.0,483.0,303.0,0
142,567,567,2067.0,5.0,341.0,373.0,373.0,341.0,1
142,558,558,2093.0,891.5,342.0,299.0,342.0,299.0,0
143,577,577,5.0,5.0,549.0,379.0,379.0,549.0,1
143,917,917,5.0,384.0,533.0,451.0,451.0,533.0,1
143,263,263,554.0,5.0,531.0,379.0,379.0,531.0,1
143,363,363,538.0,384.0,544.0,398.0,398.0,544.0,1
143,477,477,1082.0,384.0,729.5,351.5,729.5,351.5,0
143,71,71,1085.0,5.0,978.5,368.5,978.5,368.5,0
143,248,248,1082.0,735.5,766.0,309.0,766.0,309.0,0
143,154,154,5.0,835.0,1014.0,380.0,1014.0,380.0,0
143,838,838,1848.0,373.5,451.0,533.0,451.0,533.0,0
143,315,315,1848.0,906.5,483.0,303.0,483.0,303.0,0
143,296,296,2063.5,5.0,342.0,299.0,342.0,299.0,0
143,734,734,1019.0,1044.5,480.0,158.0,480.0,158.0,0
144,136,136,5.0,5.0,1689.5,410.0,1689.5,410.0,0
144,759,759,1694.5,5.0,475.0,609.7,609.7,475.0,1
144,466,466,5.0,415.0,584.0,373.0,584.0,373.0,0
144,992,992,589.0,415.0,478.5,439.5,478.5,439.5,0
144,931,931,1067.5,415.0,391.0,579.0,579.0,391.0,1
144,431,431,1458.5,614.7,491.0,446.0,446.0,491.0,1
144,721,721,1949.5,614.7,473.0,600.0,600.0,473.0,1
144,270,270,5.0,788.0,530.0,382.0,382.0,530.0,1
144,644,644,535.0,854.5,498.0,355.0,498.0,355.0,0
144,902,902,2169.5,5.0,251.0,531.0,531.0,251.0,1
144,423,423,1033.0,1060.7,869.0,154.0,154.0,869.0,1
145,665,665,5.0,5.0,766.0,309.0,766.0,309.0,0
145,291,291,771.0,5.0,551.0,381.5,381.5,551.0,1
145,867,867,5.0,314.0,391.0,579.0,579.0,391.0,1
145,579,579,1322.0,5.0,551.0,381.5,381.5,551.0,1
145,816,816,1873.0,5.0,360.0,498.0,498.0,360.0,1
145,654,654,396.0,386.5,484.0,380.0,484.0,380.0,0
145,345,345,880.0,386.5,729.5,351.5,729.5,351.5,0
145,685,685,1609.5,503.0,573.0,439.0,439.0,573.0,1
145,470,470,396.0,766.5,948.0,329.0,948.0,329.0,0
145,61,61,1344.0,942.0,814.0,251.0,814.0,251.0,0
145,968,968,5.0,893.0,373.0,259.0,373.0,259.0,0
145,624,624,2182.5,503.0,251.0,531.0,531.0,251.0,1
145,717,717,2233.0,5.0,182.0,280.0,182.0,280.0,0
145,450,450,2158.0,1034.0,270.0,180.0,180.0,270.0,1
146,139,139,5.0,5.0,450.0,382.0,382.0,450.0,1
146,105,105,5.0,387.0,766.0,309.0,766.0,309.0,0
146,185,185,5.0,696.0,760.0,335.0,335.0,760.0,1
146,605,605,771.0,5.0,463.5,452.5,452.5,463.5,1
146,258,258,1234.5,5.0,419.0,470.0,470.0,419.0,1
146,804,804,1653.5,5.0,487.5,528.0,528.0,487.5,1
146,743,743,771.0,457.5,391.0,579.0,579.0,391.0,1
146,825,825,1162.0,475.0,435.0,493.0,493.0,435.0,1
146,1040,1040,1597.0,533.0,551.0,381.5,381.5,551.0,1
146,49,49,1597.0,914.5,615.0,290.0,615.0,290.0,0
146,667,667,2148.0,5.0,282.0,702.5,702.5,282.0,1
146,560,560,455.0,5.0,264.0,311.0,264.0,311.0,0
146,90,90,1162.0,968.0,251.0,247.0,247.0,251.0,1
146,1100,1100,5.0,1031.0,280.0,182.0,182.0,280.0,1
147,840,840,5.0,5.0,428.0,392.5,392.5,428.0,1
147,135,135,5.0,397.5,583.0,382.0,382.0,583.0,1
147,1081,1081,588.0,5.0,491.0,446.0,446.0,491.0,1
147,899,899,588.0,451.0,530.0,382.0,382.0,530.0,1
147,645,645,1079.0,5.0,531.0,379.0,379.0,531.0,1
147,26,26,1610.0,5.0,335.0,760.0,335.0,760.0,0
147,716,716,1118.0,384.0,398.0,544.0,398.0,544.0,0
147,329,329,1516.0,765.0,551.0,381.5,381.5,551.0,1
147,305,305,5.0,779.5,421.5,371.0,421.5,371.0,0
147,836,836,426.5,833.0,472.0,342.0,472.0,342.0,0
147,499,499,1945.0,5.0,337.0,498.0,498.0,337.0,1
147,468,468,2067.0,503.0,360.0,498.0,498.0,360.0,1
147,381,381,898.5,928.0,600.0,262.0,600.0,262.0,0
147,723,723,2067.0,1001.0,350.0,213.0,350.0,213.0,0
148,33,33,5.0,5.0,428.0,392.5,392.5,428.0,1
148,984,984,5.0,397.5,495.5,473.5,495.5,473.5,0
148,975,975,433.0,5.0,421.5,371.0,421.5,371.0,0
148,1087,1087,500.5,376.0,573.0,439.0,439.0,573.0,1
148,1079,1079,1073.5,5.0,534.0,440.0,440.0,534.0,1
148,669,669,1607.5,5.0,379.0,549.0,379.0,549.0,0
148,986,986,1073.5,445.0,414.5,460.0,414.5,460.0,0
148,556,556,1488.0,554.0,428.0,392.0,392.0,428.0,1
148,520,520,500.5,815.0,551.0,381.5,381.5,551.0,1
148,108,108,1916.0,554.0,353.0,514.0,514.0,353.0,1
148,70,70,1986.5,5.0,438.0,478.5,478.5,438.0,1
148,853,853,5.0,871.0,472.0,343.0,472.0,343.0,0
148,455,455,1051.5,905.0,273.0,264.0,264.0,273.0,1
148,247,247,1324.5,946.0,273.0,264.0,264.0,273.0,1
148,1099,1099,1597.5,946.0,273.0,264.0,264.0,273.0,1
148,388,388,854.5,5.0,201.0,350.0,350.0,201.0,1
148,128,128,2269.0,483.5,158.0,480.0,480.0,158.0,1
148,747,747,1870.5,1068.0,509.0,131.5,131.5,509.0,1
149,861,861,5.0,5.0,686.5,466.5,686.5,466.5,0
149,434,434,5.0,471.5,421.5,371.0,421.5,371.0,0
149,301,301,426.5,471.5,531.0,379.0,379.0,531.0,1
149,498,498,957.5,5.0,360.0,498.0,498.0,360.0,1
149,522,522,957.5,503.0,665.0,421.0,421.0,665.0,1
149,103,103,1622.5,5.0,373.0,584.0,584.0,373.0,1
149,152,152,1622.5,589.0,373.0,584.0,584.0,373.0,1
149,1095,1095,1995.5,5.0,364.0,491.0,364.0,491.0,0
149,882,882,1995.5,496.0,382.0,530.0,382.0,530.0,0
149,856,856,5.0,850.5,490.5,319.5,490.5,319.5,0
149,1045,1045,495.5,850.5,423.0,330.0,423.0,330.0,0
149,663,663,1317.5,5.0,297.0,480.0,297.0,480.0,0
149,918,918,918.5,924.0,384.0,288.0,384.0,288.0,0
149,1043,1043,1302.5,924.0,311.0,264.0,264.0,311.0,1
149,176,176,691.5,5.0,259.0,373.0,373.0,259.0,1
149,234,234,1995.5,1026.0,298.0,182.0,182.0,298.0,1
150,439,439,5.0,5.0,577.0,460.0,460.0,577.0,1
150,227,227,5.0,465.0,618.7,474.0,618.7,474.0,0
150,230,230,582.0,5.0,551.0,381.5,381.5,551.0,1
150,389,389,623.7,386.5,600.0,351.0,600.0,351.0,0
150,170,170,623.7,737.5,428.0,392.5,392.5,428.0,1
150,670,670,1051.7,737.5,531.0,379.0,379.0,531.0,1
150,44,44,1133.0,5.0,483.0,303.0,483.0,303.0,0
150,1088,1088,1223.7,308.0,580.0,299.0,580.0,299.0,0
150,960,960,1616.0,5.0,465.0,303.0,465.0,303.0,0
150,710,710,1582.7,607.0,465.0,303.0,465.0,303.0,0
150,1020,1020,1582.7,910.0,465.0,303.0,465.0,303.0,0
150,702,702,2047.7,308.0,380.0,484.0,484.0,380.0,1
150,694,694,2047.7,792.0,371.0,421.5,421.5,371.0,1
150,527,527,5.0,939.0,373.0,259.0,373.0,259.0,0
150,343,343,2081.0,5.0,311.0,264.0,264.0,311.0,1
150,830,830,1803.7,308.0,206.5,293.0,206.5,293.0,0
150,495,495,378.0,939.0,200.0,270.0,200.0,270.0,0
150,550,550,578.0,1130.0,895.0,60.0,895.0,60.0,0
151,440,440,5.0,5.0,692.0,361.0,692.0,361.0,0
151,889,889,5.0,366.0,551.0,381.5,381.5,551.0,1
151,8,8,5.0,747.5,490.5,319.5,490.5,319.5,0
151,221,221,495.5,747.5,491.0,446.0,446.0,491.0,1
151,554,554,697.0,5.0,483.0,303.0,483.0,303.0,0
151,25,25,697.0,308.0,428.0,392.0,392.0,428.0,1
151,973,973,986.5,700.0,620.0,460.0,460.0,620.0,1
151,116,116,1125.0,308.0,373.0,341.0,373.0,341.0,0
151,658,658,1498.0,5.0,373.0,341.0,373.0,341.0,0
151,94,94,1498.0,346.0,465.0,303.0,465.0,303.0,0
151,391,391,1606.5,649.0,480.0,350.0,480.0,350.0,0
151,1075,1075,1871.0,5.0,521.0,303.0,303.0,521.0,1
151,1112,1112,1963.0,308.0,456.0,329.0,456.0,329.0,0
151,295,295,2086.5,637.0,342.0,472.0,472.0,342.0,1
151,954,954,1180.0,5.0,311.0,264.0,264.0,311.0,1
151,972,972,1606.5,999.0,350.0,201.0,350.0,201.0,0
152,377,377,5.0,5.0,423.0,330.0,423.0,330.0,0
152,324,324,5.0,335.0,464.0,297.0,464.0,297.0,0
152,120,120,5.0,632.0,465.0,301.0,465.0,301.0,0
152,916,916,428.0,5.0,423.0,330.0,423.0,330.0,0
152,212,212,851.0,5.0,456.0,311.0,456.0,311.0,0
152,1110,1110,1307.0,5.0,338.0,805.5,805.5,338.0,1
152,767,767,469.0,335.0,464.0,297.0,464.0,297.0,0
152,897,897,1645.0,5.0,341.0,373.0,373.0,341.0,1
152,452,452,1645.0,378.0,333.0,379.0,379.0,333.0,1
152,286,286,933.0,316.0,355.0,498.0,498.0,355.0,1
152,526,526,1645.0,757.0,494.0,342.0,494.0,342.0,0
152,198,198,470.0,814.0,465.0,309.0,465.0,309.0,0
152,38,38,1986.0,5.0,421.5,371.0,421.5,371.0,0
152,640,640,1986.0,376.0,421.5,371.0,421.5,371.0,0
152,335,335,935.0,814.0,343.0,354.0,354.0,343.0,1
152,218,218,5.0,933.0,422.5,264.0,422.5,264.0,0
152,791,791,2139.0,747.0,288.0,384.0,384.0,288.0,1
152,249,249,1288.0,810.5,281.0,373.0,373.0,281.0,1
153,555,555,5.0,5.0,428.0,392.5,392.5,428.0,1
153,43,43,5.0,397.5,465.0,303.0,465.0,303.0,0
153,268,268,5.0,700.5,421.5,371.0,421.5,371.0,0
153,399,399,426.5,700.5,465.0,303.0,465.0,303.0,0
153,1017,1017,891.5,5.0,309.0,766.0,766.0,309.0,1
153,824,824,891.5,771.0,469.0,253.0,469.0,253.0,0
153,163,163,1200.5,5.0,373.0,259.0,373.0,259.0,0
